id,nombre,nombre_usuario,email,password
1,Penelope Tregenza,ptregenza0,ptregenza0@ask.com,"zA2,$@3rnx0pxySV"
2,Aksel Cocci,acocci1,acocci1@miibeian.gov.cn,oE5<o)G#4d6@
3,Darnell O'Sharkey,dosharkey2,dosharkey2@blogger.com,rY2%2Ux<S1J
4,Elvis McCormick,emccormick3,emccormick3@boston.com,wR4(C!6P77vvoOr
5,Dayna Bartoszinski,dbartoszinski4,dbartoszinski4@vistaprint.com,vI9/aKbdv
6,Stepha Elwell,selwell5,selwell5@imageshack.us,dB8/vc$>B1Ndo7
7,Mahmud Beavis,mbeavis6,mbeavis6@msu.edu,kZ2=@3<%c|Jy|<}
8,Maggi Braid,mbraid7,mbraid7@tuttocitta.it,hD7/LQmV
9,Lydon Filipputti,lfilipputti8,lfilipputti8@elegantthemes.com,kE7{xD=z
10,Sherm Riba,sriba9,sriba9@people.com.cn,"gN2~yiH,icfQKj"
11,Helge Nilges,hnilgesa,hnilgesa@creativecommons.org,kW1`pV_K?
12,Pancho McCready,pmccreadyb,pmccreadyb@timesonline.co.uk,tM8{FjGu
13,Else Buston,ebustonc,ebustonc@ihg.com,cV2)#t#hEXEC
14,Kiersten Gerrels,kgerrelsd,kgerrelsd@last.fm,pY6'@~ClS
15,Maison Webburn,mwebburne,mwebburne@tripadvisor.com,uN3%SE=AnS
16,Kissiah Pretty,kprettyf,kprettyf@sphinn.com,dN2(5XN7F
17,Lisette Hugonneau,lhugonneaug,lhugonneaug@phpbb.com,kV2+d!mSB|*JR.%i
18,Ginger Conklin,gconklinh,gconklinh@microsoft.com,cN9<Zp*q0dCer'B)
19,Anjela Grooby,agroobyi,agroobyi@t.co,"dJ1(#E""5O8xajY"
20,Pernell Baddoe,pbaddoej,pbaddoej@dmoz.org,oP3&|V*A%6VifdB%
21,Sindee Mathy,smathyk,smathyk@netvibes.com,dL6!q8k=amC~W#>H
22,Abagael Brandon,abrandonl,abrandonl@wordpress.com,tT9%I>Pha6jo
23,Ediva Rasher,erasherm,erasherm@berkeley.edu,"uI9%\tlm""i"
24,Stepha Float,sfloatn,sfloatn@dot.gov,aH9@V2w7>(G
25,Dasya Connue,dconnueo,dconnueo@google.pl,zT3}v6A8`3l
26,Vergil Laux,vlauxp,vlauxp@netlog.com,oJ6`7b+cmDX*
27,Gregor Yukhov,gyukhovq,gyukhovq@biblegateway.com,"gY1""C4nJlfN*"
28,Tomasina Mirralls,tmirrallsr,tmirrallsr@businessweek.com,dI7#v(Tua
29,Redd McCaughran,rmccaughrans,rmccaughrans@acquirethisname.com,"nL2>8,oz_<bVWH"
30,Jone Ringham,jringhamt,jringhamt@tumblr.com,bK0=Y#JA|t%}
31,Quintina Derycot,qderycotu,qderycotu@wsj.com,qE2/9HvNvz
32,Freedman Esson,fessonv,fessonv@theatlantic.com,oW5_GW(Qu)i!rYF
33,Gunilla Jowett,gjowettw,gjowettw@123-reg.co.uk,jX7{Ci5W
34,Gayla Wavish,gwavishx,gwavishx@jiathis.com,sE9/L47H{4tpp
35,Raina Vasilyev,rvasilyevy,rvasilyevy@mayoclinic.com,"dB0=)""W/n!"
36,Ker Gilmore,kgilmorez,kgilmorez@goo.gl,gL4@}#ZABg9cc
37,Emelyne Kitcat,ekitcat10,ekitcat10@diigo.com,zH3(A)myo4
38,Astra Dungay,adungay11,adungay11@ucsd.edu,"vJ5""Io&X,cJ>CE3"
39,Gweneth Huntress,ghuntress12,ghuntress12@pinterest.com,"oD3,isZJp"
40,Annissa Outlaw,aoutlaw13,aoutlaw13@exblog.jp,fN2._7l}I
41,Celeste MacNeely,cmacneely14,cmacneely14@gov.uk,"mW1*""0k5Kuk"
42,Richie Chiddy,rchiddy15,rchiddy15@addtoany.com,bC6@fjkl8
43,Serene Over,sover16,sover16@webeden.co.uk,nS0~l!(5
44,Seline Fibbens,sfibbens17,sfibbens17@aol.com,aG3'N`mW
45,Patrice Cortez,pcortez18,pcortez18@chicagotribune.com,"nH2+lRd|7""w"
46,Arch Eales,aeales19,aeales19@printfriendly.com,"hU3,.9#2<VqYr`Kf"
47,Hermie Wilcox,hwilcox1a,hwilcox1a@wp.com,xV1.p3hMGUMHh
48,Doti Croson,dcroson1b,dcroson1b@cyberchimps.com,qN6(KWZ)o0CRJ
49,Wallie Terram,wterram1c,wterram1c@hc360.com,jC7|+|gfrOBVOT*
50,Travers Keech,tkeech1d,tkeech1d@cnn.com,jE9#M)H_`+y~x
51,Gussy Lequeux,glequeux1e,glequeux1e@sfgate.com,kY5'MxTv
52,Kimberlee Bedder,kbedder1f,kbedder1f@moonfruit.com,"wP2""`fng2bASQ7"
53,Ly Isaq,lisaq1g,lisaq1g@blogtalkradio.com,yF7=smd\P}Kry!
54,Clovis Hellcat,chellcat1h,chellcat1h@acquirethisname.com,pY2'd@k2fV/rDM`=
55,Peyton Sollowaye,psollowaye1i,psollowaye1i@xinhuanet.com,yH6*hm+1KEcB>L>
56,Britteny Tireman,btireman1j,btireman1j@bloomberg.com,oR8=2U6I
57,Farrand Starr,fstarr1k,fstarr1k@twitpic.com,yK8*pLcIWn
58,Meara Kenworthey,mkenworthey1l,mkenworthey1l@bizjournals.com,lC2$zwtpWR
59,Noell Begg,nbegg1m,nbegg1m@google.it,"cX6`""@J$l"
60,Giustino Toffolo,gtoffolo1n,gtoffolo1n@ask.com,"jF1_8C""1M3I!"
61,Esta Geffen,egeffen1o,egeffen1o@zdnet.com,rM1&LGL|qy
62,Vittorio Goslin,vgoslin1p,vgoslin1p@theglobeandmail.com,xP1&4MkYc'3Q6|
63,Bartlet Hardbattle,bhardbattle1q,bhardbattle1q@amazon.de,"kX7""}""YMF)i\c=/6"
64,Hamilton Gallagher,hgallagher1r,hgallagher1r@google.com.au,wX7\NrXn/=$}pKz
65,Sharleen Brooker,sbrooker1s,sbrooker1s@cdbaby.com,hT5<WS/Cx0E)
66,Phyllis Reims,preims1t,preims1t@microsoft.com,mG6(X0HIxVVP(w
67,Tomkin Edgeson,tedgeson1u,tedgeson1u@patch.com,uI4%O(U!fg
68,Joann Dominy,jdominy1v,jdominy1v@sphinn.com,uF1@+c{9p#r
69,Lindsey Allawy,lallawy1w,lallawy1w@tripod.com,gS6&\eRp?Zgw%Ud
70,Dodi Jeratt,djeratt1x,djeratt1x@amazon.co.uk,"zS6==3A,DWgLh"
71,Stepha Quaife,squaife1y,squaife1y@imdb.com,jM1+j)vPf<ZA=Qn
72,Doria Mosen,dmosen1z,dmosen1z@addthis.com,kH2+$kUD6D
73,Jasmine Davidou,jdavidou20,jdavidou20@amazon.com,uC4$j753*S$o
74,Charlene Royce,croyce21,croyce21@thetimes.co.uk,eG4*G8JIB
75,Lusa Dorricott,ldorricott22,ldorricott22@php.net,gX5!WNY+!s
76,Cathryn Neighbour,cneighbour23,cneighbour23@wix.com,pO1@Y1&Lr`>y
77,Ario Bawden,abawden24,abawden24@blogspot.com,"gR2}<+Z""FqHfh"
78,Shaylah Neilands,sneilands25,sneilands25@google.cn,"sI9},_k=""wtGhoy"
79,Yuma Guiraud,yguiraud26,yguiraud26@ehow.com,"vO6,8'7qZO"
80,Clo Wolfit,cwolfit27,cwolfit27@cbsnews.com,vN8?HPIpcTB9qr=
81,Ransell Abramovic,rabramovic28,rabramovic28@rediff.com,"iF9""fX`|5BgEr`'"
82,Jackelyn Axford,jaxford29,jaxford29@wikispaces.com,dS0%)3IX=0tfP7
83,Godiva Venneur,gvenneur2a,gvenneur2a@bandcamp.com,lR9#}H(?u
84,Di Fennelow,dfennelow2b,dfennelow2b@barnesandnoble.com,dD6*p+Dk
85,Benedikta Ranscombe,branscombe2c,branscombe2c@networkadvertising.org,lQ6}3mUw!Puc
86,Ariela Alsop,aalsop2d,aalsop2d@bloomberg.com,iL9>\uMQuAu
87,Konstantine Deakins,kdeakins2e,kdeakins2e@edublogs.org,kB9<$%cDoOc
88,Tandy Rudolfer,trudolfer2f,trudolfer2f@bizjournals.com,mM7|DTcv!Lq
89,Lizette Oakenfield,loakenfield2g,loakenfield2g@sina.com.cn,bB5#YN*aYLK!FL
90,Melosa Farge,mfarge2h,mfarge2h@bizjournals.com,rS1\I5S(r
91,Lyssa Suermeier,lsuermeier2i,lsuermeier2i@webs.com,qF7~EOFY6
92,Ulises Ruslin,uruslin2j,uruslin2j@google.it,gZ8_X}dti(
93,Beatrisa Culverhouse,bculverhouse2k,bculverhouse2k@wiley.com,pB2>0)!Ohy
94,Reuben Cappel,rcappel2l,rcappel2l@google.com.br,zH2}h#=H|*nfd
95,Evangeline Simoncini,esimoncini2m,esimoncini2m@ft.com,eX5}LFIJ
96,Rafaela Keble,rkeble2n,rkeble2n@infoseek.co.jp,"wC2|0,tL?ccm"
97,Norene Albasiny,nalbasiny2o,nalbasiny2o@forbes.com,"jC9~~c!""%8"
98,Dell Pottiphar,dpottiphar2p,dpottiphar2p@craigslist.org,"dI1""#OfbZ)K"
99,Shanie Kippin,skippin2q,skippin2q@facebook.com,zO1$/&8g}(3}xVV
100,Kingston Wetherburn,kwetherburn2r,kwetherburn2r@who.int,nF3.6z+q+\=~Kq`
101,Ambrosio Gilham,agilham2s,agilham2s@elegantthemes.com,oD2?(<Z0K3H/7}I+
102,Elsbeth Halburton,ehalburton2t,ehalburton2t@economist.com,sP8)Zy%o0h{()
103,Cull Allsebrook,callsebrook2u,callsebrook2u@opensource.org,nZ1>pY1<zHFx
104,Terry Weadick,tweadick2v,tweadick2v@edublogs.org,nZ9=ZLP2F
105,Holly Spiteri,hspiteri2w,hspiteri2w@diigo.com,fF3'1@rEE)YGWow
106,Correna Buchan,cbuchan2x,cbuchan2x@statcounter.com,"zP6,K9AAD,?kS>_R"
107,Robina Nelsey,rnelsey2y,rnelsey2y@sogou.com,zT7\<QJD
108,Caldwell Littley,clittley2z,clittley2z@home.pl,aH8&)b7uIQ!
109,Mavra Keatley,mkeatley30,mkeatley30@a8.net,qH6'aSYx0nDD
110,Korrie Delieu,kdelieu31,kdelieu31@hexun.com,"bV6>""_|xJ<`f0T4h"
111,Dunn Goathrop,dgoathrop32,dgoathrop32@usa.gov,dS7_d0M%?>
112,Marjie Steade,msteade33,msteade33@bandcamp.com,vY6}4H@!ZIQy
113,Sergio Wolland,swolland34,swolland34@columbia.edu,aD7<NVJQH9H8_
114,Maurita Rizzardo,mrizzardo35,mrizzardo35@networksolutions.com,rE3_(.etAiKPHjuo
115,Berti Jendrach,bjendrach36,bjendrach36@cbslocal.com,"jL2}}""I)D!n3O"
116,Derry Esler,desler37,desler37@tinypic.com,wX6{q(s+Cx/Na
117,Margot Gergolet,mgergolet38,mgergolet38@ning.com,jW9(I+3/10CRvG~
118,Roze Eskriett,reskriett39,reskriett39@de.vu,"tR5,Dat4N|k"
119,Ernaline Hawtin,ehawtin3a,ehawtin3a@mac.com,rR3'20LxDbX)87
120,Joni Surguine,jsurguine3b,jsurguine3b@com.com,aV9@Bi~!EAp
121,Rowland Timson,rtimson3c,rtimson3c@twitpic.com,xA9!A?1W#EI
122,Marlane Lindeboom,mlindeboom3d,mlindeboom3d@yelp.com,cW4<@.VG/~xy4M
123,Lodovico Cucinotta,lcucinotta3e,lcucinotta3e@shutterfly.com,eM7_`8QxQ$h!
124,Stanleigh Mintram,smintram3f,smintram3f@google.ca,uN0)d_9O{/
125,Barbaraanne Conkie,bconkie3g,bconkie3g@loc.gov,fM0?f{0Y.3_
126,Amata Scotchbrook,ascotchbrook3h,ascotchbrook3h@miitbeian.gov.cn,hL4$hpYS
127,Andi Pankhurst.,apankhurst3i,apankhurst3i@umich.edu,"qX2,mddEOh|Q="
128,Duffy Brandenberg,dbrandenberg3j,dbrandenberg3j@github.com,aT7_O#ZCV&
129,Lynett Benne,lbenne3k,lbenne3k@noaa.gov,qJ6>VS*w1Gv_1E
130,Sarena Stallen,sstallen3l,sstallen3l@jigsy.com,vU1%+GV+5B{
131,Christan Kulic,ckulic3m,ckulic3m@t-online.de,uA4>VDTc@
132,Mikael Goulthorp,mgoulthorp3n,mgoulthorp3n@last.fm,uJ0+DGZ<t|{U)~b=
133,Benoite Artus,bartus3o,bartus3o@a8.net,oG0%D?veH158K
134,Alic Coulter,acoulter3p,acoulter3p@mtv.com,gO7($)C`Gp
135,Colby Widdup,cwiddup3q,cwiddup3q@sourceforge.net,jC4`KrP+TKOtoRg3
136,Madella Smidmoor,msmidmoor3r,msmidmoor3r@amazon.co.uk,"aI5""|=+VrPL<e5J"
137,Winifield Wenden,wwenden3s,wwenden3s@angelfire.com,lV0/0xvW
138,Aymer Flindall,aflindall3t,aflindall3t@networksolutions.com,qI3*1'1_k>0m+
139,Constance Wych,cwych3u,cwych3u@yelp.com,yJ8|Tvi'w@We(
140,Niko Ballentime,nballentime3v,nballentime3v@home.pl,gI6}Le7{'#w=U0
141,Modestia Wickliffe,mwickliffe3w,mwickliffe3w@buzzfeed.com,aH2#`|H/9($ogG*?
142,Calli Van der Velde,cvan3x,cvan3x@ning.com,kF2*&{pq
143,Lilian Bernli,lbernli3y,lbernli3y@netscape.com,oE0/&GZ!z/
144,Lindy Shoemark,lshoemark3z,lshoemark3z@harvard.edu,bO7=z7<yF1wz3.
145,Hagan Kundt,hkundt40,hkundt40@oakley.com,oY0`}wX}M`<{Z_{d
146,Meir McCrea,mmccrea41,mmccrea41@indiegogo.com,rP9$GxOdnDvSS\?.
147,Alric Jentle,ajentle42,ajentle42@foxnews.com,xY7/y3c=&GAI.
148,Leonora Overstreet,loverstreet43,loverstreet43@baidu.com,"aB1\JRf=4,W283wm"
149,Jean Cadle,jcadle44,jcadle44@t.co,iG6|T2R5'0~
150,Konstance Gherardesci,kgherardesci45,kgherardesci45@mozilla.org,eZ4`%vfB
151,Cate Gwyllt,cgwyllt46,cgwyllt46@virginia.edu,jD8$Lg?1kO
152,Crin Whether,cwhether47,cwhether47@sun.com,zS2`jO0WXMzkr
153,Almira Velte,avelte48,avelte48@goodreads.com,hB4`vACl@?e%S`ck
154,Hi Brezlaw,hbrezlaw49,hbrezlaw49@desdev.cn,gA0<4<N'nqz
155,Hobard Gennerich,hgennerich4a,hgennerich4a@altervista.org,vP9&KrZgt#M5Xg+Z
156,Kelwin Norcutt,knorcutt4b,knorcutt4b@tiny.cc,"qC7.nI?Yv,="
157,Luisa Hoy,lhoy4c,lhoy4c@ocn.ne.jp,mG5.X?pIQJ9}
158,Shel Towriss,stowriss4d,stowriss4d@cafepress.com,zM8){N)t<
159,Happy Lycett,hlycett4e,hlycett4e@amazon.de,"wE1.hA""@"
160,Caritta Lauritzen,clauritzen4f,clauritzen4f@prlog.org,hU8~|Zh%R
161,Lorrie Simms,lsimms4g,lsimms4g@census.gov,pD9`.gU=/2
162,Concordia Stanford,cstanford4h,cstanford4h@irs.gov,iC6<5_Wiba\x}*
163,Morten Oseman,moseman4i,moseman4i@godaddy.com,jU7!=AttDsA
164,Klara Normanvill,knormanvill4j,knormanvill4j@wordpress.org,cV2\i7+d!uN?OzL%
165,Zsa zsa Cross,zzsa4k,zzsa4k@hubpages.com,yU8=Lm79*'bdm
166,Jordan Grenter,jgrenter4l,jgrenter4l@nymag.com,xP6}exe3R'8U+
167,Arielle Chomicki,achomicki4m,achomicki4m@diigo.com,sD4'd@(k%l
168,Herminia Tribe,htribe4n,htribe4n@salon.com,"hD1~,sc5M"
169,Niel Remnant,nremnant4o,nremnant4o@nationalgeographic.com,"qX5.(@,*yP"
170,Sal Sudddard,ssudddard4p,ssudddard4p@epa.gov,xO3'y0P.HP=qqL)S
171,Rurik Lewry,rlewry4q,rlewry4q@reddit.com,yF2#Cxh4
172,Ashby Cyphus,acyphus4r,acyphus4r@mit.edu,zE2&X=N%rxn/
173,Serge Barlthrop,sbarlthrop4s,sbarlthrop4s@nasa.gov,xF3*AW$8zJ/Z+qD~
174,Jenica Cregan,jcregan4t,jcregan4t@ustream.tv,"bH4!%l,u"
175,Kaiser Hirtzmann,khirtzmann4u,khirtzmann4u@youtu.be,iV3\pbLoWtqJd
176,Lilias Dockwray,ldockwray4v,ldockwray4v@wp.com,vY9{Q).T<%!e{MW
177,Alphonso Castanares,acastanares4w,acastanares4w@booking.com,sJ0!RFvd=)M1
178,Almeria Scudamore,ascudamore4x,ascudamore4x@sun.com,wP3#CWZ%\|
179,Jess Kighly,jkighly4y,jkighly4y@engadget.com,"oH6""IIZ@R"
180,Laurette Strettle,lstrettle4z,lstrettle4z@myspace.com,xM3*lus<?*j_YH5m
181,Art Eyton,aeyton50,aeyton50@sitemeter.com,lA1}GcU4
182,Malissia Funcheon,mfuncheon51,mfuncheon51@livejournal.com,zZ9%j`}Dc*<v4@!E
183,Minette Seifenmacher,mseifenmacher52,mseifenmacher52@xinhuanet.com,vZ2}%dH*(TE&tX
184,Brook Sendley,bsendley53,bsendley53@yahoo.com,sJ4$_v%GwY2
185,Tim Duthy,tduthy54,tduthy54@home.pl,eX4&Hhz.4bfpV5
186,Waiter Seagrove,wseagrove55,wseagrove55@hc360.com,wP6?dyKc|*?
187,Reider Jolland,rjolland56,rjolland56@phoca.cz,zS1%z@Wo2}
188,Sylas Taudevin,staudevin57,staudevin57@wikipedia.org,wE6)CWpf6HY2
189,Freda Torra,ftorra58,ftorra58@china.com.cn,dR5).WtXL(Vug
190,Rogerio Brownell,rbrownell59,rbrownell59@cbslocal.com,cZ7!2c\4@
191,Jennifer Bernhardsson,jbernhardsson5a,jbernhardsson5a@moonfruit.com,bD5>04u\F%Ryb?m
192,Haze Flello,hflello5b,hflello5b@wix.com,sO6}.Ej0$m
193,Alexandre Fowden,afowden5c,afowden5c@networkadvertising.org,oQ6%fNB5IAQ.T\z|
194,Kira Hansman,khansman5d,khansman5d@illinois.edu,"oJ8@8""7#,*uqSU)s"
195,Caryl Thoresbie,cthoresbie5e,cthoresbie5e@sbwire.com,uJ5\'v~N\
196,D'arcy Kochl,dkochl5f,dkochl5f@163.com,"mY4=\llr)v5_I,"
197,Quincy Sapsford,qsapsford5g,qsapsford5g@simplemachines.org,"zZ1,ddcVC"
198,Kingsley Slane,kslane5h,kslane5h@hostgator.com,"jA5,As3tj~"
199,Roberto Zimmer,rzimmer5i,rzimmer5i@arstechnica.com,fY1>Fw_ex\4HO
200,Jacinthe Sumshon,jsumshon5j,jsumshon5j@facebook.com,eJ1.unT1VTIys7
201,Hayley Guerra,hguerra5k,hguerra5k@google.co.jp,"sU4@xU,4I#Z4"
202,Orson Howgill,ohowgill5l,ohowgill5l@wired.com,iT4.zCi#/u?.f_zp
203,Muriel Mc Caghan,mmc5m,mmc5m@elegantthemes.com,wB7@9$'m1`Z<hE>
204,Nelie Dimitrie,ndimitrie5n,ndimitrie5n@jalbum.net,zZ6=gjGx?5pT
205,Xylia Stears,xstears5o,xstears5o@slate.com,rF9<fQJ)n3V5b
206,Allis Jachimak,ajachimak5p,ajachimak5p@indiatimes.com,gN5>#jnw/1}8%
207,Westleigh Fley,wfley5q,wfley5q@delicious.com,"lG9?(}r({=Vh7d""("
208,Leonora Smedmore,lsmedmore5r,lsmedmore5r@amazonaws.com,"xP6#o,YA."
209,Ellissa Brackpool,ebrackpool5s,ebrackpool5s@bluehost.com,pK3/>M(6dkWRVRA
210,Gavrielle Bernetti,gbernetti5t,gbernetti5t@oaic.gov.au,qW2+we?(k{qBYe)w
211,Jabez Bourcq,jbourcq5u,jbourcq5u@hibu.com,qF4.'@(&!Fh4
212,Raimund Muriel,rmuriel5v,rmuriel5v@usda.gov,kL3_.T9B
213,George Ovett,govett5w,govett5w@nba.com,uJ7\aJEq/g
214,Rachael Dracey,rdracey5x,rdracey5x@japanpost.jp,bR7&HItg>B&JkB
215,Lizette Amorine,lamorine5y,lamorine5y@flavors.me,gO1>EgE6Nemje
216,Aeriela Figgures,afiggures5z,afiggures5z@japanpost.jp,"sS6,7@faap7po>Q+"
217,Merrill Allsep,mallsep60,mallsep60@hexun.com,tR4|%f?xmjBd}`U
218,Millie Shorto,mshorto61,mshorto61@studiopress.com,nS4.C@A7*+z=>Ad
219,Adeline Grunbaum,agrunbaum62,agrunbaum62@netvibes.com,"eG3%&los7RY""Jq"
220,Blondy Bradburne,bbradburne63,bbradburne63@comcast.net,iS8~aNCwdw
221,Tera Gosnell,tgosnell64,tgosnell64@aboutads.info,"gI0""L*ap'0@G?o"
222,West Mongin,wmongin65,wmongin65@baidu.com,iW1*d%2}+
223,Jennilee Morilla,jmorilla66,jmorilla66@cmu.edu,oS1/sl}1wy
224,Sergei Grumell,sgrumell67,sgrumell67@springer.com,"sP7+(<d3ms},W3"
225,Roy Ivancevic,rivancevic68,rivancevic68@csmonitor.com,nB7.uFO4
226,Filip Villiers,fvilliers69,fvilliers69@arizona.edu,wZ2\#i/exng6A|
227,Alf Lees,alees6a,alees6a@nps.gov,nI3}E6?yCSY*r!Li
228,Bunni Cutmore,bcutmore6b,bcutmore6b@jiathis.com,jX1@BJL1Q?GDs+wt
229,Amery Corr,acorr6c,acorr6c@amazon.com,iD7~*w5es.w{{Ch
230,Manny Baldacchino,mbaldacchino6d,mbaldacchino6d@eventbrite.com,"rW6\9""3r"
231,Rory Gommes,rgommes6e,rgommes6e@unesco.org,qV3{7)8j.quIH
232,Kincaid Hickford,khickford6f,khickford6f@washington.edu,bL7=6)p>6
233,Ganny Gley,ggley6g,ggley6g@cisco.com,yH3>Vn*kcAmaQ=+a
234,Isis Pawlik,ipawlik6h,ipawlik6h@telegraph.co.uk,dX1%Q4v}!Yjo2C
235,Valene Kabisch,vkabisch6i,vkabisch6i@tamu.edu,"aX5(nZM\N""y*"
236,Nessy Rushford,nrushford6j,nrushford6j@parallels.com,rO1~\Ln`13nTF
237,Davey Sandwith,dsandwith6k,dsandwith6k@vimeo.com,zA9|K{Q*.B6ZRV3
238,Kelby Doumer,kdoumer6l,kdoumer6l@phoca.cz,"xW4+\b,0"
239,Waldo Chastang,wchastang6m,wchastang6m@ow.ly,dN4#nkFhEurhEYT
240,Christian Probbings,cprobbings6n,cprobbings6n@biblegateway.com,"tV8'j,nOZBubT@Fs"
241,Gabby Adelberg,gadelberg6o,gadelberg6o@elegantthemes.com,"vW1""rO0adID$9Y/w"
242,Fritz Belch,fbelch6p,fbelch6p@ft.com,aN6}6rW_Z8bMjQC$
243,Aubry Luckett,aluckett6q,aluckett6q@wisc.edu,"hS0*&~""xCF@l,Z1"
244,Elvin Fortescue,efortescue6r,efortescue6r@wikia.com,"cL9>t?v$,|"
245,Meg Kellaway,mkellaway6s,mkellaway6s@dropbox.com,rX4}J7eSW
246,Jillian Moloney,jmoloney6t,jmoloney6t@hc360.com,jJ6)Rk*e
247,See Johncey,sjohncey6u,sjohncey6u@i2i.jp,oZ6#1zx%YebW=S#
248,Clemmie Aucott,caucott6v,caucott6v@163.com,qA6_>\#+e
249,Lodovico Coope,lcoope6w,lcoope6w@networksolutions.com,tV6\T<9u8
250,Rosaleen Penwright,rpenwright6x,rpenwright6x@skyrock.com,mU0&#3lQxH@vGM
251,Anthiathia Swiers,aswiers6y,aswiers6y@army.mil,fH4~zkVBOFbE
252,Inez Ockwell,iockwell6z,iockwell6z@answers.com,"tH0"",}9<k$w"
253,Carr Firth,cfirth70,cfirth70@discuz.net,"hM2""Y@YI"
254,Emmett Garms,egarms71,egarms71@kickstarter.com,"wX5,$3p7$5m!"
255,Claudian Leak,cleak72,cleak72@nydailynews.com,dI0#BWUI
256,Symon Millington,smillington73,smillington73@psu.edu,tE6+6Zm)_ty8<ap
257,Mariana Saffrin,msaffrin74,msaffrin74@miitbeian.gov.cn,bT1.r%EIq8G
258,Cherey Juszczyk,cjuszczyk75,cjuszczyk75@ameblo.jp,"qF3,@R(1z}WCT"
259,Rosemary Ghest,rghest76,rghest76@cdbaby.com,rU8\(1$Ad#ZF
260,Olympia Klarzynski,oklarzynski77,oklarzynski77@fotki.com,"eT6@JOR>.2js@,"
261,Preston Loram,ploram78,ploram78@seattletimes.com,oE2<CJQ8nq
262,Tobey Bennitt,tbennitt79,tbennitt79@nature.com,aG8&R9.\8Mnjy8Ks
263,Anny Gazzard,agazzard7a,agazzard7a@weebly.com,fG9)b%Q$T
264,Rhonda Ottey,rottey7b,rottey7b@hhs.gov,fY7@hfViULGG)
265,Amerigo Fidal,afidal7c,afidal7c@ifeng.com,nC3&6ilq`u1jA
266,Claresta Pauly,cpauly7d,cpauly7d@cisco.com,"uA5#I.f!pE"""
267,Alasteir Findlater,afindlater7e,afindlater7e@exblog.jp,"uF5@@F*)""=7yF{W"
268,Cleve Getcliff,cgetcliff7f,cgetcliff7f@amazon.co.jp,"oU5+Oi""(KSR}+k@z"
269,Christoforo Rolf,crolf7g,crolf7g@topsy.com,nI0''<)'/J0pRJ
270,Salmon McArthur,smcarthur7h,smcarthur7h@php.net,cL2=ijhy{_=2
271,Liv Teffrey,lteffrey7i,lteffrey7i@weibo.com,vR2&3UCK%c}WJbHN
272,Issy Coleby,icoleby7j,icoleby7j@yahoo.com,"oT7,EftJ3p"
273,Eimile Farherty,efarherty7k,efarherty7k@yale.edu,"kY0>t#s/RJ@|Y@""D"
274,Constantina Twohig,ctwohig7l,ctwohig7l@joomla.org,rV8'J16riXYo\GlN
275,Esmeralda Denmead,edenmead7m,edenmead7m@sfgate.com,"lD0""@{r)%+"
276,Maryjo Pendered,mpendered7n,mpendered7n@parallels.com,dR0#F(O*F}0?
277,Paddy Strother,pstrother7o,pstrother7o@geocities.com,sR5!mk_4{)
278,Joane Le Prevost,jle7p,jle7p@infoseek.co.jp,lS8>5H'__X
279,Adelind Jedrzej,ajedrzej7q,ajedrzej7q@cocolog-nifty.com,pC7_=O~\.@Cjh
280,Beau Corneljes,bcorneljes7r,bcorneljes7r@accuweather.com,"eJ0%Sm*,\a)Fq"
281,Hermie McGaffey,hmcgaffey7s,hmcgaffey7s@technorati.com,kT1}6N/8O$3&q
282,Linda Soaper,lsoaper7t,lsoaper7t@unesco.org,"tR8*}L,Y"
283,Dalila Scampion,dscampion7u,dscampion7u@senate.gov,dE3>BQn/a
284,Hildagard Ruvel,hruvel7v,hruvel7v@github.com,iX5<*)Xy40xy{M}
285,Conant Simnel,csimnel7w,csimnel7w@addtoany.com,gH6%srpnLIo#{LJn
286,Bernardine Greguol,bgreguol7x,bgreguol7x@google.com.br,pI0%/RRL@EoBWj5
287,Ulla Wadforth,uwadforth7y,uwadforth7y@nationalgeographic.com,"sU7,c2hlLseW|@I."
288,Xever Buckston,xbuckston7z,xbuckston7z@accuweather.com,jX0>%sh>Jhj>Vk
289,Mead Jaxon,mjaxon80,mjaxon80@chicagotribune.com,"cW7.EOyr,"
290,Dynah Staite,dstaite81,dstaite81@baidu.com,"mF4/+2C,bj,nJ{"
291,Shirline Mimmack,smimmack82,smimmack82@seesaa.net,bS2}9%E?C
292,Luella de Amaya,lde83,lde83@seattletimes.com,rL1?d%w~!D
293,Eddy Gregorin,egregorin84,egregorin84@gnu.org,"lU4,{02U"
294,Hubie Romanski,hromanski85,hromanski85@princeton.edu,hO7'%f_W
295,Lisbeth Spawton,lspawton86,lspawton86@dyndns.org,"sS2,%)r<""4<it5iN"
296,Sigismond MacCome,smaccome87,smaccome87@phoca.cz,gC0.3nN0q?n9Yanj
297,Carlina Northway,cnorthway88,cnorthway88@google.co.jp,uS5&{jTfmy
298,Almeda Pugh,apugh89,apugh89@lulu.com,kC6?1qoP
299,Brucie Very,bvery8a,bvery8a@arstechnica.com,jU2%m<N89'
300,Lissie Rubert,lrubert8b,lrubert8b@bandcamp.com,"fM6""{e(P""74?A3`"
301,Dwayne Helgass,dhelgass8c,dhelgass8c@google.es,kF2|8@e%RP5VnET
302,Felipa Keyte,fkeyte8d,fkeyte8d@ftc.gov,aL8}pHsE_y8p1
303,Tilly Tuther,ttuther8e,ttuther8e@symantec.com,yN9%v)`yl=/=Ghm
304,Coretta Dubble,cdubble8f,cdubble8f@foxnews.com,gS4+J.q}f
305,Michaelina Oxenbury,moxenbury8g,moxenbury8g@cbc.ca,gD8\RZZ{cU&2
306,Dominique Hatherley,dhatherley8h,dhatherley8h@blogger.com,uP1/arZ4)|
307,Dougie Seyler,dseyler8i,dseyler8i@apple.com,aE5/{g?/`uR/
308,Bent Fosh,bfosh8j,bfosh8j@cocolog-nifty.com,"dU8/,jD2"
309,Rodge Faunch,rfaunch8k,rfaunch8k@tripod.com,"qO6!Iv*w)>"""
310,Gnni Chipman,gchipman8l,gchipman8l@vinaora.com,gQ4|1qB|z#@q
311,Ricardo Burgne,rburgne8m,rburgne8m@marriott.com,tZ6}>c!=@FD*|
312,Maggi Cordelet,mcordelet8n,mcordelet8n@paypal.com,sS6}2yHkEH't#
313,Jessika Feldfisher,jfeldfisher8o,jfeldfisher8o@answers.com,rW3\+Gdb>gh
314,Yoshiko Greed,ygreed8p,ygreed8p@va.gov,zE9{uV~4
315,Eldredge Tessington,etessington8q,etessington8q@barnesandnoble.com,fM0)wZAowU@
316,Gianina Digman,gdigman8r,gdigman8r@toplist.cz,rF7|.lIDGr
317,Nikolas Clemens,nclemens8s,nclemens8s@alibaba.com,"fK2'U&X'pL,*cAAR"
318,Clarisse Bly,cbly8t,cbly8t@cargocollective.com,"tP5"".%/bXJF}Nr"
319,Cari Smullin,csmullin8u,csmullin8u@comcast.net,"sU2"")NJKqU}@5"
320,Shellie Tamblingson,stamblingson8v,stamblingson8v@ifeng.com,qR5.sp)QMBERo
321,Ellynn Riatt,eriatt8w,eriatt8w@cnn.com,aS1(35O{0Z_.=a
322,Fenelia Turnock,fturnock8x,fturnock8x@tinyurl.com,rR6+pW\S5<u
323,David Richen,drichen8y,drichen8y@washingtonpost.com,iR9*<6pGF
324,Dana Nesby,dnesby8z,dnesby8z@nature.com,oR3}AEw8X6*<+
325,Hildy Churchley,hchurchley90,hchurchley90@si.edu,"fZ4`#7=.,Fv0/,"
326,Stormy Edgecumbe,sedgecumbe91,sedgecumbe91@blogtalkradio.com,"iZ2,fef<O"
327,Cristy Eglese,ceglese92,ceglese92@cpanel.net,fZ3`2}GL
328,Tommy Dresse,tdresse93,tdresse93@guardian.co.uk,oP6%ENLI513k.&30
329,Cami Belliard,cbelliard94,cbelliard94@paypal.com,"pJ5|bhc!%H"""
330,Fifi Nanetti,fnanetti95,fnanetti95@phpbb.com,cZ5/h}eF
331,Maude Gavey,mgavey96,mgavey96@google.cn,dT4}Qd=zbijU6|cN
332,Ainslie Harlett,aharlett97,aharlett97@domainmarket.com,"rP8,pMqGrH="
333,Maible Polino,mpolino98,mpolino98@ustream.tv,sX7*iJe)3
334,Bernelle Nerne,bnerne99,bnerne99@histats.com,oV5/KDz1J@qN
335,Erminia Rummins,erummins9a,erummins9a@utexas.edu,vP0&n=p&!@
336,Terri Tizard,ttizard9b,ttizard9b@sun.com,wJ4$eZhWL`w/N\
337,Olivier Mardling,omardling9c,omardling9c@jalbum.net,hQ2@qk@7F
338,Burnard Sheringham,bsheringham9d,bsheringham9d@ed.gov,hP3@$!=Y>K
339,Cammie Bernini,cbernini9e,cbernini9e@linkedin.com,iW5$D6Reil(>Z0
340,Lavinie Burne,lburne9f,lburne9f@ucla.edu,"cD9'x!Qer%sRT,u"
341,Kiel Biskup,kbiskup9g,kbiskup9g@harvard.edu,mC4()sP'{Em11~
342,Lillis MacKenney,lmackenney9h,lmackenney9h@mashable.com,qC2`qx9|G{C.m7
343,Gary Keune,gkeune9i,gkeune9i@goo.ne.jp,fP6)RT.odwu
344,Eben Nannoni,enannoni9j,enannoni9j@nbcnews.com,fF7.jm4I#=>~7y
345,Ashleigh Trenear,atrenear9k,atrenear9k@redcross.org,oA1=%G|)
346,Vilhelmina Ballsdon,vballsdon9l,vballsdon9l@storify.com,uZ5|bWJ3Pp
347,Verne Vicar,vvicar9m,vvicar9m@un.org,aG5$s1GA|Gup2
348,Boycey Lorden,blorden9n,blorden9n@discovery.com,cB3'KL!~c
349,Diandra Enderle,denderle9o,denderle9o@com.com,rZ6(4|54H3lF
350,Jacqueline Baynam,jbaynam9p,jbaynam9p@usa.gov,lN8't3'Aiqv'B
351,Alma Dmitrichenko,admitrichenko9q,admitrichenko9q@odnoklassniki.ru,dO0.\T`Z<uVts
352,Theodosia Hartle,thartle9r,thartle9r@reference.com,xB4#D2oKRMq|%T
353,Olivie Hunstone,ohunstone9s,ohunstone9s@zdnet.com,"aI9#OE'BL).b,c0F"
354,Vince Charlot,vcharlot9t,vcharlot9t@yandex.ru,pM0)9YLC0?&F=msk
355,Merla Smallcombe,msmallcombe9u,msmallcombe9u@e-recht24.de,"cB4?EsgK32,0~8z("
356,Teresina Chalice,tchalice9v,tchalice9v@goo.ne.jp,"iO9,LZznb\unM"
357,Zara Di Biasio,zdi9w,zdi9w@time.com,"eE0""*tRt5dZ)Ckq"
358,Kelli Dougliss,kdougliss9x,kdougliss9x@tamu.edu,"sL5\,rH2"
359,Mord Dury,mdury9y,mdury9y@altervista.org,cA4?0#~9BGnkR7a
360,Elli Slee,eslee9z,eslee9z@hao123.com,"iW5$'f7r,JO|"
361,Jacintha Lauchlan,jlauchlana0,jlauchlana0@jiathis.com,kO3$_plRv3Sj.r
362,Susana Skehens,sskehensa1,sskehensa1@buzzfeed.com,pH4+7macj)c*OvTk
363,Fanni Koop,fkoopa2,fkoopa2@example.com,jR3(GCCG\%A
364,Rubetta Bettenson,rbettensona3,rbettensona3@cbslocal.com,iZ3%CB$iX}U
365,Melony Dible,mdiblea4,mdiblea4@marriott.com,"uW9(k""Pi5!oaa<tI"
366,Noll Fincke,nfinckea5,nfinckea5@alibaba.com,vC5`!`2Bk
367,Enrique Sebring,esebringa6,esebringa6@mapy.cz,yI2?eRC@!s0a
368,Wolf Shrimplin,wshrimplina7,wshrimplina7@nationalgeographic.com,"hA2%@8'U""UV"
369,Roman Scough,rscougha8,rscougha8@examiner.com,lQ5'%3EEzon'oF
370,Bobbye Chislett,bchisletta9,bchisletta9@businesswire.com,rO7\dw*<0
371,Richardo Ply,rplyaa,rplyaa@deliciousdays.com,aT9.z.pGKg\%BXn
372,Buckie Marwick,bmarwickab,bmarwickab@webmd.com,jP0\*POXOS!Hw`
373,Ronnica Dootson,rdootsonac,rdootsonac@loc.gov,yY3~r42J35c
374,Grantham Eckly,gecklyad,gecklyad@naver.com,nP8{p#P$p)#
375,Chilton Kille,ckilleae,ckilleae@cbc.ca,"iS6{WX,v9%Of/5>"
376,Conney BoHlingolsen,cbohlingolsenaf,cbohlingolsenaf@gnu.org,"yH2,voN/m}.?"
377,Veda Scobbie,vscobbieag,vscobbieag@purevolume.com,kQ5|=ZB_pe
378,Matti Tolussi,mtolussiah,mtolussiah@slate.com,vY2!\##d}e8G.Fj
379,Dorry Occleshaw,doccleshawai,doccleshawai@yellowbook.com,"hK8}Ga),dyEC@P,"
380,Montgomery Lillie,mlillieaj,mlillieaj@moonfruit.com,cX4)i)J)C
381,Jerrilyn Gosnell,jgosnellak,jgosnellak@flavors.me,"jK2>7,Rw'.6K"
382,Sophronia Hartless,shartlessal,shartlessal@webs.com,pH1{r}F0l`=SG
383,Vail Halward,vhalwardam,vhalwardam@domainmarket.com,fF8{x#?K)!Q7R
384,Maggi Leither,mleitheran,mleitheran@bizjournals.com,oD8>YJe@(
385,Ferris Chong,fchongao,fchongao@barnesandnoble.com,"pR6@D"".R}toyoKr"
386,Thorndike Searl,tsearlap,tsearlap@prnewswire.com,cA1$Jel}G
387,Margret Musslewhite,mmusslewhiteaq,mmusslewhiteaq@patch.com,uF1<D<HyC0`OD
388,Elvira Narracott,enarracottar,enarracottar@google.com,eD6=F`s}~qiG
389,Binni Vaughton,bvaughtonas,bvaughtonas@foxnews.com,mC0}hIRMy?29\vG
390,Aleen Keegan,akeeganat,akeeganat@bloomberg.com,xU4+~1y<
391,Lefty Mettetal,lmettetalau,lmettetalau@spiegel.de,"vU4""zCW%t"
392,Raimund Shortcliffe,rshortcliffeav,rshortcliffeav@disqus.com,jS4&PvLg2E
393,Ellery Husk,ehuskaw,ehuskaw@miitbeian.gov.cn,bU3#`9}Xa}VcM#<6
394,Martguerita Ofener,mofenerax,mofenerax@fotki.com,aX5{0DQC
395,Sim Shoebottom,sshoebottomay,sshoebottomay@quantcast.com,qL2~E%Dx'?
396,Isaac Conquest,iconquestaz,iconquestaz@gov.uk,wN6>a/iE9)A)@
397,Valentijn Hampton,vhamptonb0,vhamptonb0@vimeo.com,"qG7&R!,sDHIOT"
398,Karylin Albone,kalboneb1,kalboneb1@discovery.com,sQ6?u%zQVgi
399,Jemmie Schulz,jschulzb2,jschulzb2@theatlantic.com,mG8&}5ce
400,Davin Steart,dsteartb3,dsteartb3@bizjournals.com,lS6@MENH#fk
401,Shina Forsard,sforsardb4,sforsardb4@geocities.com,oT8\#y*ka2GZ
402,Barret Richarson,bricharsonb5,bricharsonb5@example.com,"iE0""'\dRZn2KB\\"
403,Clerkclaude Campsall,ccampsallb6,ccampsallb6@bandcamp.com,"aP7""$U/""Ccz1v%oH"
404,Roseanne Morehall,rmorehallb7,rmorehallb7@harvard.edu,oF4|PGW))FViYbt
405,Karlan Pinnocke,kpinnockeb8,kpinnockeb8@dropbox.com,eL2'|zA5Md/5ELF
406,Reyna Bunting,rbuntingb9,rbuntingb9@irs.gov,wF2\gnP0H.WXw
407,Bail Devonport,bdevonportba,bdevonportba@hostgator.com,zV6@Sli57@gC+k
408,Yasmin Kiehl,ykiehlbb,ykiehlbb@godaddy.com,hP2~1vIf
409,Gian Nason,gnasonbc,gnasonbc@parallels.com,sG5(Y|LhVB\r
410,Gaby de Glanville,gdebd,gdebd@dell.com,fT8%BBkeYV7YcU'
411,Jasmina Tabourel,jtabourelbe,jtabourelbe@cocolog-nifty.com,uK3#fRcqe+18KA}T
412,Clemmy Sirman,csirmanbf,csirmanbf@liveinternet.ru,"jW3}5Y""X"
413,Oswald Andrelli,oandrellibg,oandrellibg@washingtonpost.com,eY9~1!<orsbF<
414,Jordan Filimore,jfilimorebh,jfilimorebh@gravatar.com,wS3~9&52H{
415,Archibold Dubock,adubockbi,adubockbi@hubpages.com,"hO9"".rkMmjmI{e("
416,Bobbette Skillicorn,bskillicornbj,bskillicornbj@biglobe.ne.jp,uU7`x94!LY0a<
417,Neron Pyle,npylebk,npylebk@jugem.jp,tN6.gCn7*M
418,Yvor Toynbee,ytoynbeebl,ytoynbeebl@e-recht24.de,bC0)e?5j5um3n
419,Mill McCrainor,mmccrainorbm,mmccrainorbm@nps.gov,mZ3~UR%'N
420,Theda Rucklesse,trucklessebn,trucklessebn@hostgator.com,zD4<42?L9Ll1()w
421,Wilmar Puddephatt,wpuddephattbo,wpuddephattbo@mapy.cz,pI1~&8}7}
422,Preston Kale,pkalebp,pkalebp@fda.gov,tD2!Z!0pHG~.$)
423,Cedric Rosbottom,crosbottombq,crosbottombq@oaic.gov.au,nK9{=!xDN
424,Karita Cronin,kcroninbr,kcroninbr@infoseek.co.jp,iZ0\RBjr\d?
425,Richie Derl,rderlbs,rderlbs@wix.com,"mE8.Xb,{oY"
426,Philbert Dablin,pdablinbt,pdablinbt@loc.gov,oK7'GbQMLfm\
427,Brocky MacCarroll,bmaccarrollbu,bmaccarrollbu@wikispaces.com,hP1*Vwwv
428,Calli Fold,cfoldbv,cfoldbv@utexas.edu,"tY3,yL%X."
429,Yetta Yuryev,yyuryevbw,yyuryevbw@flickr.com,bR6+=gYduZPGMXW
430,Asher Campanelli,acampanellibx,acampanellibx@pcworld.com,dU3&39D5OW
431,Mike Seaborn,mseabornby,mseabornby@miitbeian.gov.cn,pU2/leu\JzNk
432,Dante Seeman,dseemanbz,dseemanbz@yellowpages.com,mA7>U/VFF
433,Nada Emslie,nemsliec0,nemsliec0@usatoday.com,tH4|2ZePwl=+<y
434,Konstantin Pavie,kpaviec1,kpaviec1@ow.ly,sK5}C1Mwj
435,Margeaux Scrivin,mscrivinc2,mscrivinc2@pinterest.com,dC0$!gMqsE9N~!9v
436,Jany Lofthouse,jlofthousec3,jlofthousec3@google.com.hk,iI3*+NS1OX$gx
437,Rivkah Purver,rpurverc4,rpurverc4@amazonaws.com,"fJ2""6HdHR'k8W"
438,Court Mingard,cmingardc5,cmingardc5@usatoday.com,jO5.C\lu<
439,Bordy Scoterbosh,bscoterboshc6,bscoterboshc6@indiatimes.com,lV4@oCzfI(?
440,Iseabal Standish,istandishc7,istandishc7@uol.com.br,cQ5>nYDw
441,Sergio Stother,sstotherc8,sstotherc8@1und1.de,wC6@Y0zs}_YX`p_
442,Odella Handy,ohandyc9,ohandyc9@blogger.com,yG6\bkIwD4
443,Mitch Ritmeyer,mritmeyerca,mritmeyerca@home.pl,"kU6=X"".2o6e"
444,Cesare Pull,cpullcb,cpullcb@berkeley.edu,fC7<}{@+Ro&4/Mej
445,Maddi Levinge,mlevingecc,mlevingecc@godaddy.com,"kK9?3sTYe""J{"
446,Toddy Sleath,tsleathcd,tsleathcd@cornell.edu,"qW9}\U02=~""5"
447,Toiboid Brewitt,tbrewittce,tbrewittce@blogspot.com,jB1'kv)PG<Ur.1k?
448,Jeramey Jurczik,jjurczikcf,jjurczikcf@nationalgeographic.com,wM4`c'%e
449,Caryl Sieur,csieurcg,csieurcg@blogger.com,oQ8&_q@N
450,Catha McIllroy,cmcillroych,cmcillroych@friendfeed.com,aG8|$S?eEs
451,Grier Dupree,gdupreeci,gdupreeci@discuz.net,hT3'0/T|kTJVq%
452,Mordecai Bostick,mbostickcj,mbostickcj@newyorker.com,oM9+r+9s7X$}qE
453,Jilly Hessle,jhessleck,jhessleck@pinterest.com,nY4##+FSl<uF
454,Uriel Chappel,uchappelcl,uchappelcl@amazon.de,aW1`v8RKW
455,Jon Fitzhenry,jfitzhenrycm,jfitzhenrycm@lycos.com,"xU7,|@2%8oqg}LkM"
456,Lawrence Caldwell,lcaldwellcn,lcaldwellcn@vistaprint.com,jJ5$X!uFf75o(jP
457,Reinhard Caldero,rcalderoco,rcalderoco@hp.com,gG7}}%wZ4
458,Moss Inglesant,minglesantcp,minglesantcp@lycos.com,iG7?1|~u94m.)D7a
459,Violetta Dranfield,vdranfieldcq,vdranfieldcq@ucsd.edu,"nR4}r(p./"")16bhp"
460,Alfred Le Franc,alecr,alecr@photobucket.com,vT9@C~Y7vpdfLt
461,Floyd Camelli,fcamellics,fcamellics@aboutads.info,bZ0?vzuau2jU
462,Minne Fetherstan,mfetherstanct,mfetherstanct@spiegel.de,rV1\Hc#k
463,Jesse Nunns,jnunnscu,jnunnscu@4shared.com,hU2_3_6U4fvSa5l
464,Gail Mansford,gmansfordcv,gmansfordcv@163.com,hK5)SN0K&b1c2
465,Sam Ginman,sginmancw,sginmancw@youtu.be,xN7\D?RX8
466,Rosaline O'Hdirscoll,rohdirscollcx,rohdirscollcx@surveymonkey.com,"tK6`gQya&b,"
467,Iolande Eathorne,ieathornecy,ieathornecy@geocities.com,"zE6=9@""pUK.Xw"
468,Dedra Advani,dadvanicz,dadvanicz@bbb.org,aT6>))eCLPze
469,Kit Ewer,kewerd0,kewerd0@eepurl.com,"kN5""WEuH"
470,Del Nare,dnared1,dnared1@netlog.com,"wQ3,`SghB"
471,Templeton Lumsden,tlumsdend2,tlumsdend2@arstechnica.com,iQ6.lC>d?w|6~5
472,Emelita Haugh,ehaughd3,ehaughd3@blogger.com,vQ7\h7~@3~
473,Nanice Moultrie,nmoultried4,nmoultried4@google.cn,mK2#iDn+Yijk>TD
474,Richard Morson,rmorsond5,rmorsond5@washingtonpost.com,wT4}y`|Y
475,Marrilee Delaprelle,mdelaprelled6,mdelaprelled6@sogou.com,rV1){_32G8FX
476,Ketty MacNeilage,kmacneilaged7,kmacneilaged7@virginia.edu,kT1#pe8AQMnB3/
477,Dill Hehir,dhehird8,dhehird8@amazon.de,nZ2/F#_\
478,Lamont Snaith,lsnaithd9,lsnaithd9@whitehouse.gov,vP9)m$B|
479,Tedmund Yuill,tyuillda,tyuillda@microsoft.com,mT4'dA89/2
480,Gearard Sanches,gsanchesdb,gsanchesdb@webnode.com,gR4=}%B*erT
481,Minnie McDirmid,mmcdirmiddc,mmcdirmiddc@discuz.net,gS3&v}D<PhaI
482,Katie Jewes,kjewesdd,kjewesdd@yolasite.com,sL9~5RX}gY
483,Britney Trounson,btrounsonde,btrounsonde@netscape.com,sD7*?(Kg4zBJ{YX
484,Tye Pover,tpoverdf,tpoverdf@com.com,fD5\SN4G/S)h+Mf
485,Mady Michelmore,mmichelmoredg,mmichelmoredg@harvard.edu,gY3.DOWSmt#TM
486,Lon Gelly,lgellydh,lgellydh@comcast.net,mU7)TF3A
487,Marne Gibb,mgibbdi,mgibbdi@salon.com,qG9~}*P*~U!
488,Ruth Goldsbrough,rgoldsbroughdj,rgoldsbroughdj@printfriendly.com,eQ3&JwO&>
489,Flin Boots,fbootsdk,fbootsdk@washington.edu,xG7=+QVQzgG8o>g
490,Ferdinande Pirozzi,fpirozzidl,fpirozzidl@woothemes.com,nC6%E~3|e'JE
491,Dyana Took,dtookdm,dtookdm@hhs.gov,hS1}zIRI
492,Chilton Chatterton,cchattertondn,cchattertondn@businessinsider.com,yD9`FDILl5MIb0
493,Shawnee Aiskrigg,saiskriggdo,saiskriggdo@reverbnation.com,qJ1(ZOPQMJdt~x
494,Othella Neiland,oneilanddp,oneilanddp@guardian.co.uk,fH2+q\R=pFb9>u
495,Mayne Millichap,mmillichapdq,mmillichapdq@cnn.com,"aN4+O3WpoXO,"
496,Sylvan Fitzsimons,sfitzsimonsdr,sfitzsimonsdr@baidu.com,"hZ4.W1JZ2""(u{"
497,Merralee Gosby,mgosbyds,mgosbyds@mashable.com,zD7)|0!XnM
498,Sloan Yeell,syeelldt,syeelldt@washingtonpost.com,zG2=/&!'Vi6t|e_
499,Silvana Carlsen,scarlsendu,scarlsendu@goo.gl,fG5{Qo\O_hP
500,Dasha Ebhardt,debhardtdv,debhardtdv@epa.gov,"oP4""J4IIAcH\~Icy"
501,Julian Thickpenny,jthickpennydw,jthickpennydw@desdev.cn,"nD6'ImL3,C<{r"
502,Audra Bulcock,abulcockdx,abulcockdx@tinyurl.com,iA3/O\Lbfj_8R
503,Fania Hurlin,fhurlindy,fhurlindy@pbs.org,iV2@dq&~SGBVu!u
504,Evered MacCaffery,emaccafferydz,emaccafferydz@webeden.co.uk,pL3.7/XPJ=Tq5
505,Joli Cherrington,jcherringtone0,jcherringtone0@yahoo.com,"uX4<f0jm!F,fV"
506,Cazzie Maus,cmause1,cmause1@hc360.com,aU6`D>a|Y1a>@U
507,Calvin Camilletti,ccamillettie2,ccamillettie2@geocities.com,oA8<>e5_{=D|%D
508,L;urette Floch,lfloche3,lfloche3@blogger.com,oW7+qHr#`TLDnJrR
509,Lura Redding,lreddinge4,lreddinge4@diigo.com,"oT5\""4UA>K|m7AFP"
510,Danya Moizer,dmoizere5,dmoizere5@tinyurl.com,"pR7#W$1(~eSn{i,5"
511,Talbert Abrahamoff,tabrahamoffe6,tabrahamoffe6@list-manage.com,lX3.TW_)c.
512,Eve Spikeings,espikeingse7,espikeingse7@uol.com.br,kE1?FR7K
513,Isis McFetridge,imcfetridgee8,imcfetridgee8@vimeo.com,eR0(lWoifH>I?`
514,Merna Casemore,mcasemoree9,mcasemoree9@dion.ne.jp,hH0.4Ofy/aHf@i7K
515,Poppy Kirsz,pkirszea,pkirszea@geocities.jp,uS6~g=K0'(
516,Norri Chiene,nchieneeb,nchieneeb@qq.com,uG3=}8iN
517,Milena Stebles,msteblesec,msteblesec@blogtalkradio.com,"mF2<d""kjF&$Rbijg"
518,Meggie Skelhorn,mskelhorned,mskelhorned@yellowpages.com,mE2@5)UY?8mJ
519,Royal Gonsalvez,rgonsalvezee,rgonsalvezee@pinterest.com,mB9$R_z39J
520,Aubrie Scoggins,ascogginsef,ascogginsef@google.pl,qY2$+~8O
521,Darryl Baldacchino,dbaldacchinoeg,dbaldacchinoeg@xing.com,eD0'@x%W<Q
522,Marla Minico,mminicoeh,mminicoeh@about.com,"oT8!""SCUq9"
523,Marysa Rieme,mriemeei,mriemeei@engadget.com,lD5*.g9%1m?
524,Ozzie Grioli,ogrioliej,ogrioliej@goo.ne.jp,"lN3.R1bQ<sz?5a,"
525,Ilsa Sowrey,isowreyek,isowreyek@mtv.com,uQ6/Od~kH<H
526,Celestia Terzi,cterziel,cterziel@people.com.cn,sQ8(e*+OKOy
527,Allina Tosspell,atosspellem,atosspellem@ucla.edu,yG7)7fQlFH
528,Brear Lyster,blysteren,blysteren@tiny.cc,"oY5.z7wC,"
529,Jourdan Deakes,jdeakeseo,jdeakeseo@addthis.com,lJ2#4gG2Z
530,Binnie Ible,bibleep,bibleep@google.es,eK8#&sI<e>O
531,Fairleigh Manley,fmanleyeq,fmanleyeq@noaa.gov,dH6{qhcD_B
532,Edlin Wetherick,ewethericker,ewethericker@ycombinator.com,yO1#~hvC3
533,Arabele Yeomans,ayeomanses,ayeomanses@networksolutions.com,kR3<frlhb}*
534,Mickie MacGall,mmacgallet,mmacgallet@discovery.com,bP6/nvm)dI8
535,Matthieu Bagott,mbagotteu,mbagotteu@storify.com,yJ2$+/?|(PDHH0(
536,Karol Korf,kkorfev,kkorfev@bluehost.com,kX5<`$y31R#O<Uvg
537,Alanson Durden,adurdenew,adurdenew@ucsd.edu,dB8'b41H+)
538,Barb Mohun,bmohunex,bmohunex@stumbleupon.com,vP7<c8rozRMuP!Y4
539,Garnet Lunney,glunneyey,glunneyey@a8.net,iK6)LfC@GKtv+k
540,Bjorn Batson,bbatsonez,bbatsonez@liveinternet.ru,dL2_Wf1T_r{nM
541,Hortensia Church,hchurchf0,hchurchf0@xrea.com,"mN0`e,pah"
542,Tracy Duetschens,tduetschensf1,tduetschensf1@t.co,bM0|)eAfe!u
543,Inesita Bowering,iboweringf2,iboweringf2@zimbio.com,fI7.F>G<&qj9?
544,Lorie Midlar,lmidlarf3,lmidlarf3@google.com.br,xR1\zC|I{8p2J
545,Randal Sandford,rsandfordf4,rsandfordf4@sbwire.com,fH1$3.N73sTHGq3l
546,Maegan Willavize,mwillavizef5,mwillavizef5@archive.org,kJ0}Dp<V
547,Dulcy Itzig,ditzigf6,ditzigf6@wikispaces.com,qU0`FfHf\\C/u+0b
548,Rebecka Winslow,rwinslowf7,rwinslowf7@latimes.com,aQ6+LpnvymN}b
549,Brett Markos,bmarkosf8,bmarkosf8@weebly.com,eZ0=joF`A
550,Hedi Pampling,hpamplingf9,hpamplingf9@admin.ch,aU9&$tjM!E~/?C
551,Cicily Fulbrook,cfulbrookfa,cfulbrookfa@google.com.hk,tY8<t~xVG4C+Dwd
552,Vin Pietsma,vpietsmafb,vpietsmafb@upenn.edu,uR5<V%=9t
553,Maurizio Tomasek,mtomasekfc,mtomasekfc@cbsnews.com,xQ2&<hX9a66!
554,Flemming Haggish,fhaggishfd,fhaggishfd@wikispaces.com,oG8>O\n|ke~'.0%
555,Essa Bridie,ebridiefe,ebridiefe@yahoo.co.jp,"hA2,>l/#29"
556,Jessalyn Cow,jcowff,jcowff@dyndns.org,"jW6#&=|,Tr7wC"
557,Roanne Brevetor,rbrevetorfg,rbrevetorfg@home.pl,"lT6|f!,AjdP"""
558,Jo-anne Colborn,jcolbornfh,jcolbornfh@clickbank.net,"aO0,,wo="
559,Wilburt Joannidi,wjoannidifi,wjoannidifi@spiegel.de,pG3+LaE$WR
560,Giralda Pennycock,gpennycockfj,gpennycockfj@etsy.com,lK0`9)I?@Ponf
561,Faith Shoesmith,fshoesmithfk,fshoesmithfk@istockphoto.com,"jS8@HA,P"
562,Willard Jiggen,wjiggenfl,wjiggenfl@devhub.com,vH5?Gw@Wv6DqjJ
563,Thaine Gowthorpe,tgowthorpefm,tgowthorpefm@census.gov,lI9(qd2MX9jL*f0
564,Emlen Harvatt,eharvattfn,eharvattfn@macromedia.com,vM4\4EW`2M
565,Marcie Eyrl,meyrlfo,meyrlfo@ucoz.com,wO8+3dKm
566,Shamus Curteis,scurteisfp,scurteisfp@mozilla.org,"dJ2+f""_Hk+BK!e"
567,Bud Kennefick,bkennefickfq,bkennefickfq@technorati.com,"tA0+Rf""U3"
568,Devin Selby,dselbyfr,dselbyfr@weebly.com,iN3/G$W!<E!
569,Dasie Bygate,dbygatefs,dbygatefs@hexun.com,vH2)l@s+2&~URtaS
570,Sydney Scarsbrook,sscarsbrookft,sscarsbrookft@vk.com,zV7.R..C85
571,Lynnelle McBrearty,lmcbreartyfu,lmcbreartyfu@diigo.com,yT1*>MCH1}g'
572,Kipp Cade,kcadefv,kcadefv@typepad.com,uY1!1(tYc~9
573,Dylan Goudie,dgoudiefw,dgoudiefw@hud.gov,jQ3{b8%J
574,Mame Cocklie,mcockliefx,mcockliefx@umich.edu,tQ9&'#H/
575,Bar Casella,bcasellafy,bcasellafy@t.co,"dJ6@`},H&E"
576,Angele Norwell,anorwellfz,anorwellfz@dyndns.org,mV4?{&\H%q0
577,Ardeen Swate,aswateg0,aswateg0@fc2.com,eM9&88o*}=D
578,Jacquette Rathmell,jrathmellg1,jrathmellg1@cornell.edu,"wM9,X=PH>"
579,Kameko Shevlin,kshevling2,kshevling2@dmoz.org,kM5`%(JpaC@qz)
580,Amandy Greiser,agreiserg3,agreiserg3@theguardian.com,nR0$NUT'$ot0
581,Abbye Matthewes,amatthewesg4,amatthewesg4@cpanel.net,sA6=3wIJ9Qu7
582,Mignon Aslet,masletg5,masletg5@jalbum.net,tH0.X(Rqd{1a=Dl
583,Ruby Lammerding,rlammerdingg6,rlammerdingg6@devhub.com,uX4.*>fp'f\cI?6
584,Mariya Antowski,mantowskig7,mantowskig7@friendfeed.com,aA1`<tg#D@UO%
585,Ferd Epton,feptong8,feptong8@sogou.com,iA3=@|{*D)
586,Gerty Lacase,glacaseg9,glacaseg9@moonfruit.com,oZ3.j06|_8
587,Barb Frake,bfrakega,bfrakega@comsenz.com,hX9~O8+&=
588,Wyndham Baal,wbaalgb,wbaalgb@cafepress.com,gC5!02Yt>\A
589,Suzy Comizzoli,scomizzoligc,scomizzoligc@shinystat.com,fN2*?i'f?s?wL?R
590,Rudiger Wettern,rwetterngd,rwetterngd@columbia.edu,fN1|Xg%B?'PJ%Rf=
591,Jarret Linke,jlinkege,jlinkege@studiopress.com,yG3|#O|1V
592,Cleon Harverson,charversongf,charversongf@technorati.com,sE0'6a'i'|
593,Zerk Salzburger,zsalzburgergg,zsalzburgergg@oakley.com,aW1)fimH@
594,Natty Mayze,nmayzegh,nmayzegh@fotki.com,hK1@9)tT%
595,Opalina Merle,omerlegi,omerlegi@discovery.com,eG8=dZc}sn~
596,Demetri Davidsohn,ddavidsohngj,ddavidsohngj@deliciousdays.com,rX8&Q36<?>q)vP
597,Marc Huntar,mhuntargk,mhuntargk@ifeng.com,"yA2#s'Lt,&`+#*"
598,Neila Dusey,nduseygl,nduseygl@arizona.edu,cT8#~MmC2\74hQMQ
599,Rheba Phant,rphantgm,rphantgm@toplist.cz,"sD7*U,\1&Ze"
600,Lodovico Grishanov,lgrishanovgn,lgrishanovgn@dagondesign.com,"pL0!O7}g"".s"
601,Paulette Tribble,ptribblego,ptribblego@princeton.edu,jO9'VXp<~?\
602,Caryn Andrivel,candrivelgp,candrivelgp@myspace.com,"uY8>k8,""4K"
603,Madlin Ferrero,mferrerogq,mferrerogq@ask.com,jY1/?WQO`xlN\+|h
604,Winthrop Blankman,wblankmangr,wblankmangr@geocities.jp,eU3|@OJBL}B<g
605,Esme Gaitskell,egaitskellgs,egaitskellgs@ask.com,"oU7'C""FG\+"
606,Rhea Hellard,rhellardgt,rhellardgt@paginegialle.it,iE6%H_TX/|<=SN
607,Clywd Daldry,cdaldrygu,cdaldrygu@wisc.edu,wH2))!'l!Rk\3P{I
608,Ibbie Grunson,igrunsongv,igrunsongv@google.com.hk,"lX5|gcE,7""xx6"
609,Kristy Verny,kvernygw,kvernygw@independent.co.uk,hO4|B.YSj0
610,Amalie Uzelli,auzelligx,auzelligx@cisco.com,mF9/Kd{mRT
611,Cristal MacTimpany,cmactimpanygy,cmactimpanygy@cisco.com,pY4}}=#&th}L
612,Guthrie Alecock,galecockgz,galecockgz@tinyurl.com,cU5?Rdt$
613,Chad Buzza,cbuzzah0,cbuzzah0@hubpages.com,rN0.b%.S6H'M
614,Issiah Akerman,iakermanh1,iakermanh1@telegraph.co.uk,"gB8~""GV?_<If"
615,Annabal Boller,abollerh2,abollerh2@1und1.de,yI4~5|l/
616,Maura Filpi,mfilpih3,mfilpih3@tmall.com,uM2.+rK2ctno%)+
617,Avrit Else,aelseh4,aelseh4@google.ca,"wB8,@)A}/v{MnU0h"
618,Irina Sired,isiredh5,isiredh5@loc.gov,uX2@+5<1}d+{m
619,Winnie Bellhanger,wbellhangerh6,wbellhangerh6@utexas.edu,sF4{S|>WS2
620,Natty De Vaux,ndeh7,ndeh7@zimbio.com,aR2#U%D+@6p
621,Norris Rainbird,nrainbirdh8,nrainbirdh8@ezinearticles.com,"iW0,Jyq'tJ"
622,Kerry Cloney,kcloneyh9,kcloneyh9@google.com.au,xS9+B'L'C
623,Vera Cowle,vcowleha,vcowleha@baidu.com,mS1<hQrNHOjT
624,Christa Chaucer,cchaucerhb,cchaucerhb@live.com,lI2=K@MXJ
625,Lee Bortoletti,lbortolettihc,lbortolettihc@photobucket.com,gC1>0gu1
626,Jaquenetta Sorby,jsorbyhd,jsorbyhd@phoca.cz,uP1|dJX5o
627,Quint Tutton,qtuttonhe,qtuttonhe@moonfruit.com,fU8!&)IR'
628,Margot Winterflood,mwinterfloodhf,mwinterfloodhf@yellowbook.com,hA0<Ytd0BPJK#W%
629,Aleda Oswald,aoswaldhg,aoswaldhg@feedburner.com,bS6&0t?p5$
630,Berkeley Lyfield,blyfieldhh,blyfieldhh@etsy.com,yS6\?v'!
631,Athene Adelsberg,aadelsberghi,aadelsberghi@istockphoto.com,dH0(m{*6'ogaA
632,Cirillo Ridings,cridingshj,cridingshj@creativecommons.org,vB2(Vgm_Aq2
633,Sari Mathe,smathehk,smathehk@pinterest.com,wU9%gjM2$
634,Kira Staniforth,kstaniforthhl,kstaniforthhl@infoseek.co.jp,eM6`lw'/W=M{qEKt
635,Hale Southerns,hsouthernshm,hsouthernshm@google.co.jp,qA3~3\g8
636,Kellie Colbrun,kcolbrunhn,kcolbrunhn@github.io,bA1%S9=@C_\/139
637,Ingrim Guilder,iguilderho,iguilderho@unblog.fr,cY8/U7Ep~GubT'{O
638,Kassi Linwood,klinwoodhp,klinwoodhp@macromedia.com,lN0'MftGL
639,Kati Peerman,kpeermanhq,kpeermanhq@mashable.com,mM9!bC!N?L`
640,Hulda Undrill,hundrillhr,hundrillhr@nba.com,kK6$G(q44
641,Hastie McJury,hmcjuryhs,hmcjuryhs@hp.com,"zT9,oiH,}@W,"
642,Bobbie Zanre,bzanreht,bzanreht@nbcnews.com,lE9)=mX?ULF(v'N
643,Dacey McGillivrie,dmcgillivriehu,dmcgillivriehu@xrea.com,lW8*=}dk69
644,Celinda Giovanni,cgiovannihv,cgiovannihv@dmoz.org,"nN8?""y}y"
645,Ewart Sire,esirehw,esirehw@army.mil,"wJ4""qUYTsQF"
646,Mignon Philip,mphiliphx,mphiliphx@squarespace.com,cR5%u7(ywN&K(
647,Darin Sandwich,dsandwichhy,dsandwichhy@walmart.com,fH5=M2o3gH
648,Mitchael Girt,mgirthz,mgirthz@storify.com,"wT5""_A9m"
649,Teodor Darco,tdarcoi0,tdarcoi0@hud.gov,gT7#=Z*D#
650,Francisca Hakewell,fhakewelli1,fhakewelli1@geocities.jp,xI0$ys`5S*2K
651,Merell Culross,mculrossi2,mculrossi2@hp.com,mP4'Pwwc
652,Hugo Vango,hvangoi3,hvangoi3@vimeo.com,yP5<jRdshfYytlI
653,Elihu Marham,emarhami4,emarhami4@a8.net,wH3+$ou!o<It
654,Myrtie Alejandre,malejandrei5,malejandrei5@reverbnation.com,tS7$OPL3RC*o
655,Herta Le Breton,hlei6,hlei6@behance.net,sL0=$m5d)W
656,Ricki Craydon,rcraydoni7,rcraydoni7@eventbrite.com,lH0|`55HeG$0Ui
657,Eustace Schoenleiter,eschoenleiteri8,eschoenleiteri8@vistaprint.com,zW3_@=v/Gk+)p
658,Micheil Rimour,mrimouri9,mrimouri9@goodreads.com,tG3$!`cBAn7/C$Br
659,Denver Snar,dsnaria,dsnaria@homestead.com,"nS9""/H4l+h$umC"
660,Ruggiero Trim,rtrimib,rtrimib@icq.com,sN4|Dxy!($`&{VHU
661,Marion Crannach,mcrannachic,mcrannachic@qq.com,cQ3>Fmip%v`z*%lV
662,Dory Byrd,dbyrdid,dbyrdid@squidoo.com,"cH2\z!B'Ir""R)Dy"
663,Sissie Losseljong,slosseljongie,slosseljongie@state.tx.us,mE4?vQfg0(
664,Janna Bridges,jbridgesif,jbridgesif@geocities.jp,mO6|%F*%Tt6
665,Nealy Joist,njoistig,njoistig@angelfire.com,hH5%rd8mFMUJ.yP
666,Stormi Arstingall,sarstingallih,sarstingallih@tumblr.com,sZ2%Tnpdn*?
667,Harriot Kellard,hkellardii,hkellardii@hc360.com,aG1+gV'EIH}
668,Ethelyn Willmore,ewillmoreij,ewillmoreij@cdbaby.com,tZ8+O_D%
669,Huntington Cronchey,hcroncheyik,hcroncheyik@state.gov,uR7+\Hl`!IC
670,Saba Quadrio,squadrioil,squadrioil@hostgator.com,wU8\El{fS@WiQp)
671,Emelda Fonquernie,efonquernieim,efonquernieim@jigsy.com,"aT6""WRd5HHw?RU,"
672,Karlis Gile,kgilein,kgilein@ucoz.com,"sN8!H~5UP)*"""
673,Brena Gudgion,bgudgionio,bgudgionio@cmu.edu,jK8)87~45$=t6Z`?
674,Brigg Burnage,bburnageip,bburnageip@com.com,iC7{jH2#bOh
675,Mavis Beddow,mbeddowiq,mbeddowiq@vinaora.com,mP4<WEQob|
676,Luisa Conneau,lconneauir,lconneauir@hud.gov,tY7~cXL+V%Dh
677,Albie Newsham,anewshamis,anewshamis@umich.edu,lY0'b|1<T.}Wc}1
678,Astrix Seatter,aseatterit,aseatterit@dmoz.org,cF4)cRs8z*UL'w<
679,Herve Benoix,hbenoixiu,hbenoixiu@dmoz.org,bC3%3G}h/O.E!@9f
680,Carry Boam,cboamiv,cboamiv@g.co,oP8+&Lxi~BI{(0Rb
681,Ced Webburn,cwebburniw,cwebburniw@paginegialle.it,xD8`bgB)dR7T
682,Loralee Truckett,ltruckettix,ltruckettix@aol.com,tO3\|=fa
683,Wakefield Tebbut,wtebbutiy,wtebbutiy@i2i.jp,tL0`zE!c
684,Alvira Zorer,azoreriz,azoreriz@facebook.com,iF5<Rj.7J~{
685,Marcus Penas,mpenasj0,mpenasj0@cdbaby.com,"rV2\""&V8fzVUR&"
686,Francesca Littell,flittellj1,flittellj1@hostgator.com,nH6_}lJN4l3HXvE
687,Bird Judd,bjuddj2,bjuddj2@marriott.com,jM7`/n.W
688,Aharon Le feuvre,alej3,alej3@geocities.jp,tH4}/qey)
689,Garth Kubiczek,gkubiczekj4,gkubiczekj4@elegantthemes.com,mU8|+DLvF_f#)
690,Adoree Liddel,aliddelj5,aliddelj5@army.mil,aM0$$Wq#f
691,Albert Bohlens,abohlensj6,abohlensj6@paginegialle.it,"jN5=""+OP!lcSZV"
692,Rowena Brixey,rbrixeyj7,rbrixeyj7@themeforest.net,uA2#D5l|5|r
693,Ferguson Jaslem,fjaslemj8,fjaslemj8@upenn.edu,aY3+Bt0z8V}3
694,Vidovik Stealy,vstealyj9,vstealyj9@phpbb.com,qU6)qM<nVBgOD
695,Matti Ricardot,mricardotja,mricardotja@blogger.com,aG5.u/srRz/Kij
696,Pacorro Baldree,pbaldreejb,pbaldreejb@timesonline.co.uk,eS1$U(M8J(G!6OlQ
697,Lisetta Rowlinson,lrowlinsonjc,lrowlinsonjc@hp.com,qT4_*V1nFT1Y5
698,Lois Poxon,lpoxonjd,lpoxonjd@indiatimes.com,cG8!{%YG3
699,Preston Stanbrooke,pstanbrookeje,pstanbrookeje@mapy.cz,jM4@.bwGb
700,Bennie Macon,bmaconjf,bmaconjf@alexa.com,"eT0\U#GA2c$3""!L)"
701,Field Santello,fsantellojg,fsantellojg@sakura.ne.jp,"hD4,'parP"
702,Cathee Bodd,cboddjh,cboddjh@ted.com,"iP1""u0jz"
703,Karlotta Stutt,kstuttji,kstuttji@cocolog-nifty.com,xY8!UIA$v
704,Reube Waiting,rwaitingjj,rwaitingjj@telegraph.co.uk,pD3/JYPYo
705,Philipa Ortells,portellsjk,portellsjk@oaic.gov.au,oF1{tN+T4
706,Randolph Le Sieur,rlejl,rlejl@irs.gov,nQ8$x&j*cY
707,Lenard Serris,lserrisjm,lserrisjm@sun.com,yZ5(A)n9vY
708,Gwenette Sugarman,gsugarmanjn,gsugarmanjn@si.edu,"mR4""8Ae3e$"
709,Jedd Storek,jstorekjo,jstorekjo@toplist.cz,dG4(+7%moReFQEJ
710,Roshelle Heathcote,rheathcotejp,rheathcotejp@businesswire.com,"tN3&IVl8?`N,`jh"
711,Enrica Deboick,edeboickjq,edeboickjq@spiegel.de,zB2|u2Sv\V&(t
712,Cyrus Catt,ccattjr,ccattjr@moonfruit.com,nV9{~JPxeOJD(
713,Aleda Chese,achesejs,achesejs@so-net.ne.jp,dZ9?Fg+.JZ7!*W
714,Willetta Ivanin,wivaninjt,wivaninjt@wix.com,qI3_X\D#ha'
715,Terrance Lutas,tlutasju,tlutasju@360.cn,"jY2/.p*h""S<H"
716,Ros Stedson,rstedsonjv,rstedsonjv@deviantart.com,cN7@#iTz$~6ur
717,Merrie Jell,mjelljw,mjelljw@wsj.com,"xJ8+V`""%?u"
718,Orran Foyle,ofoylejx,ofoylejx@bloglovin.com,fJ6#<7\71Ys
719,Adolf Blackaller,ablackallerjy,ablackallerjy@army.mil,sT3`T<<H|Vb8#fy
720,Zahara Pickerell,zpickerelljz,zpickerelljz@dropbox.com,sH9`Q)zyr{
721,Faydra Pleming,fplemingk0,fplemingk0@oracle.com,"aB1#LN{,D5_F"
722,Josias Burdge,jburdgek1,jburdgek1@storify.com,wJ9\5(M5vAkB7
723,Arthur Fairholme,afairholmek2,afairholmek2@tripadvisor.com,"mF7&lAo""~q98+0Wl"
724,Kendre McNish,kmcnishk3,kmcnishk3@etsy.com,bU7.X*Yq'J2A6
725,Delaney Grafom,dgrafomk4,dgrafomk4@ycombinator.com,"lY3""}JPI>s6PEa|"
726,Frants Pavett,fpavettk5,fpavettk5@tumblr.com,yJ7+2=di
727,Fedora Kurten,fkurtenk6,fkurtenk6@google.co.jp,iH0+ASHe/(uw5RYW
728,Pernell Wetter,pwetterk7,pwetterk7@narod.ru,"pO3+cMNd,<sWB$"
729,Elizabeth Stuckes,estuckesk8,estuckesk8@google.com.au,fA5\nYPx.a1)jsj
730,Spense Golde,sgoldek9,sgoldek9@answers.com,"nA4,cO@0btBD6\t"
731,Evey Oseland,eoselandka,eoselandka@hugedomains.com,lK9~H5mG5
732,Pavel Rowlson,prowlsonkb,prowlsonkb@omniture.com,jF6.Q)`cGb/}|c
733,Purcell Itzkovwich,pitzkovwichkc,pitzkovwichkc@uol.com.br,wW2#5*9(=u/|~'d
734,Kendal Micah,kmicahkd,kmicahkd@ucla.edu,dH2<GDyo
735,Doralia O'Scollain,doscollainke,doscollainke@fotki.com,pS7+\e*i
736,Norri McPaik,nmcpaikkf,nmcpaikkf@illinois.edu,yR5|j`Z&VLJDvyBr
737,Devy Kinahan,dkinahankg,dkinahankg@dropbox.com,sB0{.$if8
738,Waylon Tucknott,wtucknottkh,wtucknottkh@indiegogo.com,"uM0,WK+1"
739,Christophorus Barkly,cbarklyki,cbarklyki@va.gov,"sP9|7i8""wo(d"
740,Godwin Bartosek,gbartosekkj,gbartosekkj@sogou.com,bS6/w\6ZLel?#d.L
741,Tiphani Rosenbusch,trosenbuschkk,trosenbuschkk@walmart.com,cZ8|UlPTNgIc
742,Briant Trevascus,btrevascuskl,btrevascuskl@merriam-webster.com,qV4<m)~qc
743,Bernardo Lambole,blambolekm,blambolekm@geocities.jp,mR5>2sz.qV$X
744,Petra Antonin,pantoninkn,pantoninkn@freewebs.com,"rN1%D.,*\g8"
745,Hilton Rolingson,hrolingsonko,hrolingsonko@photobucket.com,sL3|j2RA3TNx8#
746,Elset Dennerly,edennerlykp,edennerlykp@sphinn.com,rI1/7pmc>}
747,Auroora Drinkhill,adrinkhillkq,adrinkhillkq@uol.com.br,nC1#x3(1y||
748,Odette Aspray,oaspraykr,oaspraykr@cargocollective.com,yE0'*AMKd9'
749,Tyson Beckey,tbeckeyks,tbeckeyks@squidoo.com,yM6?I@Zm`$4PWw
750,Piper Guerreiro,pguerreirokt,pguerreirokt@hostgator.com,yW9#yge8
751,Robin Peirazzi,rpeirazziku,rpeirazziku@fastcompany.com,tC7!n_|HW+Jv+sr<
752,Elinore Brehaut,ebrehautkv,ebrehautkv@sina.com.cn,fG0<!l`1<fJ%mH=
753,Catina Mistry,cmistrykw,cmistrykw@hao123.com,cQ0(I=}t$7!
754,Elie Murley,emurleykx,emurleykx@artisteer.com,"pV3!)U1""NISPHDkA"
755,Sara-ann McTear,smctearky,smctearky@wp.com,"vG5\J6mDurkls(,"
756,Deeann Pena,dpenakz,dpenakz@zimbio.com,"fJ3""8,_le"
757,Brandie Lauderdale,blauderdalel0,blauderdalel0@virginia.edu,"zN5},fB}3NSNTW*4"
758,Alicia Owthwaite,aowthwaitel1,aowthwaitel1@reddit.com,aM0@yzJT
759,Audi Tidmas,atidmasl2,atidmasl2@gravatar.com,xM9@.*Pc_
760,Marlyn Marrington,mmarringtonl3,mmarringtonl3@opera.com,xE4~GX1\hLfh!
761,Marlane McFeate,mmcfeatel4,mmcfeatel4@unc.edu,iO1@(g7EL.`UoAR
762,Alford Jevons,ajevonsl5,ajevonsl5@mit.edu,dM7(E<av3
763,Miquela Stammers,mstammersl6,mstammersl6@lulu.com,dS3!1aPasCYh
764,Cory Culham,cculhaml7,cculhaml7@foxnews.com,eD1|APz__W
765,Lion Redgrove,lredgrovel8,lredgrovel8@creativecommons.org,"eA3""cue70"
766,Analiese Sarginson,asarginsonl9,asarginsonl9@sciencedaily.com,aC6}@_6_/)vHw5bv
767,Mano Grisley,mgrisleyla,mgrisleyla@japanpost.jp,nU2+uUnSzXS46Y
768,Annalee Montgomery,amontgomerylb,amontgomerylb@msn.com,pW6(3fMbCt$!\\E5
769,Agnes Brummell,abrummelllc,abrummelllc@bluehost.com,uM9~7woJ3ce$qR4
770,Derek Voff,dvoffld,dvoffld@csmonitor.com,iL2=/4FAMw50{
771,Cliff Rheaume,crheaumele,crheaumele@pbs.org,"zE3/gm,$VCO>t,D"
772,Devlin Sultan,dsultanlf,dsultanlf@sina.com.cn,jD3_lr6#Qt0k3mb
773,Dominique Gurery,dgurerylg,dgurerylg@rediff.com,kB7+S32#e<!
774,Madeline Skitt,mskittlh,mskittlh@nps.gov,"gT0""4~}~AO6A"
775,Mar Zielinski,mzielinskili,mzielinskili@privacy.gov.au,cZ8&VWx#o1DJC8
776,Vassili Kraft,vkraftlj,vkraftlj@hibu.com,"oD4&|v{_E%H,"
777,Lilyan Tobin,ltobinlk,ltobinlk@freewebs.com,dB7.V#8{>u6Kij
778,Stacia MacConnechie,smacconnechiell,smacconnechiell@bbb.org,"yD5%,h>m>/#&2~?K"
779,Irv Erricker,ierrickerlm,ierrickerlm@archive.org,eK4%@yYe
780,Vittorio Hawking,vhawkingln,vhawkingln@unblog.fr,"aE2!,n\M.Y.(Ye}'"
781,Napoleon Sacaze,nsacazelo,nsacazelo@sina.com.cn,pA4%upQZ(H~8h5
782,Mureil Annakin,mannakinlp,mannakinlp@imgur.com,yN5)yZM*6r}w
783,Alina Allnutt,aallnuttlq,aallnuttlq@elegantthemes.com,aC3#)7?/qhDb6
784,Netta Colls,ncollslr,ncollslr@imgur.com,"vT7""|6z,Drk82""4l"
785,Aeriel Malyan,amalyanls,amalyanls@bing.com,"vM0{""CZR8MMS"
786,Henka Bosdet,hbosdetlt,hbosdetlt@booking.com,nN9`g{nXu}d
787,Andromache Blaszkiewicz,ablaszkiewiczlu,ablaszkiewiczlu@dell.com,cI9?=gAoH}wat`&O
788,Mata Cobelli,mcobellilv,mcobellilv@ovh.net,iK1+riPr19f!n?
789,Dedie Schieferstein,dschiefersteinlw,dschiefersteinlw@illinois.edu,"eI1""lvYI6H4sP1~"
790,Grantley Welman,gwelmanlx,gwelmanlx@engadget.com,cJ9=i_`tPtQx
791,Henderson Di Francesco,hdily,hdily@tinypic.com,tW2{KiKIxI1
792,Correna McMurraya,cmcmurrayalz,cmcmurrayalz@cnbc.com,mN3)\AS7peIR
793,Goran Pomphrett,gpomphrettm0,gpomphrettm0@bigcartel.com,tG7}X8i_48qKs=
794,Irv Trafford,itraffordm1,itraffordm1@myspace.com,uR8$27Nl*&E{2
795,Merrill Chaloner,mchalonerm2,mchalonerm2@reverbnation.com,iQ5(w_.a_YVRbF|x
796,Teddy Cluderay,tcluderaym3,tcluderaym3@irs.gov,"cV6/""rH,l&~f"
797,Flory Traill,ftraillm4,ftraillm4@cnet.com,"bM3\,o*a#"
798,Julie Leeburne,jleeburnem5,jleeburnem5@springer.com,"mM8~w9eD@|Dg0"""
799,Myrah Florence,mflorencem6,mflorencem6@tumblr.com,iT2$?!@T~
800,Eddy Lee,eleem7,eleem7@stumbleupon.com,"hM4`NBgCi@c,d"
801,Johnette Stife,jstifem8,jstifem8@elegantthemes.com,zF3|X}1>8$q
802,Jocelyne Deevey,jdeeveym9,jdeeveym9@moonfruit.com,"aY6._EzfjB,<ls1"
803,Ilise Shakelady,ishakeladyma,ishakeladyma@xing.com,eH8`y4b3~AaFw
804,Orlan Blinder,oblindermb,oblindermb@intel.com,mD9|CMeY$d7zO/KY
805,Townie Glanester,tglanestermc,tglanestermc@forbes.com,lL7~.fp~PM%c}(>4
806,Adriaens Shoebridge,ashoebridgemd,ashoebridgemd@pinterest.com,eH6~Lqg|g
807,Nert Tulley,ntulleyme,ntulleyme@newyorker.com,"xB3'`=nGj9.,"
808,Rafa Gobell,rgobellmf,rgobellmf@nationalgeographic.com,uH5?4P*W
809,Olympia Davenall,odavenallmg,odavenallmg@aol.com,lG7_{89IJd0
810,Tim Gueinn,tgueinnmh,tgueinnmh@unicef.org,hT3='(A=
811,Eloise Jirak,ejirakmi,ejirakmi@ibm.com,"gC4.zhJfEhH)9x,A"
812,Felicle McGurn,fmcgurnmj,fmcgurnmj@imdb.com,rL3)W}0uOh9aW)Ib
813,Ronni Reagan,rreaganmk,rreaganmk@facebook.com,aU6=tuXv
814,Fayina McRonald,fmcronaldml,fmcronaldml@webmd.com,aY4('37pj
815,Poul Balogun,pbalogunmm,pbalogunmm@abc.net.au,"fB0=xdQkZD,_"
816,Axe Raoult,araoultmn,araoultmn@google.co.uk,"lQ5*>my$,"
817,Edgar Dougharty,edoughartymo,edoughartymo@yahoo.co.jp,mM9*nMIV
818,Rosemarie Cuthbertson,rcuthbertsonmp,rcuthbertsonmp@answers.com,bK5`6+zmQr9nsd`
819,Arlina Branni,abrannimq,abrannimq@mac.com,"jT2%tK4V""f@x'Y"
820,Paolina Crat,pcratmr,pcratmr@examiner.com,vX7_5EDtsJpMpV9W
821,Lisabeth Allam,lallamms,lallamms@cnbc.com,zG6}$JJzZka3SyM#
822,Cristina Karoly,ckarolymt,ckarolymt@yale.edu,"uA0""KDg>}HwmU3gI"
823,Claretta Birtonshaw,cbirtonshawmu,cbirtonshawmu@geocities.com,iR9(v{NUvXQn4U
824,Myron Lerner,mlernermv,mlernermv@google.pl,fQ6+76\S5f||EvfT
825,Billie Legging,bleggingmw,bleggingmw@printfriendly.com,"tR7`I,n39E4nf"
826,Tessie Lifton,tliftonmx,tliftonmx@pbs.org,"kY1""Q4{E8uH&3q$"
827,Uriel O'Hartagan,uohartaganmy,uohartaganmy@who.int,mN8)gXx$'iFR0Jqs
828,Ula Kime,ukimemz,ukimemz@google.nl,bH9(8w9l+U<|y3
829,Emmott Shickle,eshicklen0,eshicklen0@homestead.com,eW5_ixNJ.xBsDb
830,Myrna Saffell,msaffelln1,msaffelln1@cnn.com,wZ1>$/}rK
831,Samantha Neames,sneamesn2,sneamesn2@alexa.com,"hI9""{UPgGw"
832,Ammamaria Jendrich,ajendrichn3,ajendrichn3@feedburner.com,"bI1#x""}MW4"
833,Marmaduke Clementson,mclementsonn4,mclementsonn4@sphinn.com,"wF9<,t2#yF1T"
834,Dagmar Girardot,dgirardotn5,dgirardotn5@chicagotribune.com,cS3}99Q|Ghn_7ry*
835,Rasia Bushel,rbusheln6,rbusheln6@yahoo.com,vV3+gK~k83~
836,Devlen Jeeks,djeeksn7,djeeksn7@nbcnews.com,gS4=vPno5Si50
837,Esmeralda Lawee,elaween8,elaween8@cpanel.net,eK6|SW7&Oh$q
838,Jillana Pettus,jpettusn9,jpettusn9@bloglines.com,tM4)i4wMo
839,Zared Hailwood,zhailwoodna,zhailwoodna@ustream.tv,yY1@StP.rtYsQ
840,Tiena Caizley,tcaizleynb,tcaizleynb@freewebs.com,"iL2""|yC$zZXE@"
841,Nicole Onslow,nonslownc,nonslownc@behance.net,"wC5/9Hu,,"
842,Dag Malthus,dmalthusnd,dmalthusnd@house.gov,"xK9,V}Ke#If"
843,Reinhold Zelland,rzellandne,rzellandne@dailymail.co.uk,wO1_+r)|W4joY~
844,Allyce Elsay,aelsaynf,aelsaynf@sphinn.com,wO8)%vOD$)$IH
845,Deloris Goodhew,dgoodhewng,dgoodhewng@1688.com,"rM9=nM}4<E""u"
846,Clifford Ringe,cringenh,cringenh@lulu.com,tP7_eLDb
847,Jaclin Georger,jgeorgerni,jgeorgerni@cnbc.com,"yD7(_+{2?/o,j"""
848,Fred De Wolfe,fdenj,fdenj@nps.gov,"qZ5_0=U,`\w7"
849,Verile Davydkov,vdavydkovnk,vdavydkovnk@icq.com,zG2>Cjo0DKtmGD
850,Samaria Clemendot,sclemendotnl,sclemendotnl@dagondesign.com,nK8!cHn{TqS
851,Oneida Marchand,omarchandnm,omarchandnm@upenn.edu,oG6$lZAr@I#L
852,Morgun Soughton,msoughtonnn,msoughtonnn@statcounter.com,"pG4{D'y,#0L*"
853,Constantin Chung,cchungno,cchungno@linkedin.com,mN2}LuPz
854,Laney Alldread,lalldreadnp,lalldreadnp@theglobeandmail.com,oY5~0H+Og)YTsBV
855,Bryanty Audiss,baudissnq,baudissnq@redcross.org,eA8~lDc\<(H
856,Matthiew Poacher,mpoachernr,mpoachernr@slate.com,"yT8@%u?4NE""HZ""{"
857,Porter MacCallam,pmaccallamns,pmaccallamns@photobucket.com,aW8}=VLO`
858,Alec Wooler,awoolernt,awoolernt@mayoclinic.com,"xS7""m{ym"
859,Dena Hanhart,dhanhartnu,dhanhartnu@acquirethisname.com,yL7)#n+4n`
860,Malanie Jacklin,mjacklinnv,mjacklinnv@edublogs.org,cG8/sbe8?
861,Ginnie Kunze,gkunzenw,gkunzenw@wsj.com,"pR6/jJvOLdebs"""
862,Merna Cushworth,mcushworthnx,mcushworthnx@hhs.gov,lZ7@0W<E>L*5
863,Gerrilee Campbell,gcampbellny,gcampbellny@sina.com.cn,gI1=W2`EV
864,Moyra Kell,mkellnz,mkellnz@mapy.cz,jJ6`>jqweY&t}
865,Danya Gilhespy,dgilhespyo0,dgilhespyo0@wordpress.com,jF2)m*2wMjQ
866,Sue Wooddisse,swooddisseo1,swooddisseo1@ow.ly,eN0)sHtX.aq%LE
867,Phil Ramel,pramelo2,pramelo2@china.com.cn,vQ8%2ExU%%|
868,Stuart Dutton,sduttono3,sduttono3@oracle.com,eF3$hezw=0
869,Edmon Arpe,earpeo4,earpeo4@vinaora.com,tN8.z\I%eM#X&Xl
870,Jonell Doeg,jdoego5,jdoego5@si.edu,vX0>?Sw69Ynil9
871,Geneva Pischoff,gpischoffo6,gpischoffo6@wikimedia.org,gA5~dlYypBs>
872,Jannel Tew,jtewo7,jtewo7@t.co,"bJ7_Zta""#x8R6"
873,Luca Bracer,lbracero8,lbracero8@prlog.org,kR7}~+T_ZOBML%'P
874,Louie Drew-Clifton,ldrewcliftono9,ldrewcliftono9@amazon.com,bB9#920p1d
875,Ester Skeel,eskeeloa,eskeeloa@vk.com,uX5*SFdw
876,Elizabeth Vanetti,evanettiob,evanettiob@va.gov,"gF4&B#%""5%N"
877,Gunter Lilburne,glilburneoc,glilburneoc@istockphoto.com,hV1(&0tR\Q
878,Blanch Pedrol,bpedrolod,bpedrolod@toplist.cz,"zD4/3fN""pq.`nff"
879,Bruce Iacopo,biacopooe,biacopooe@wp.com,zR0*}F*+%2
880,Denver Addie,daddieof,daddieof@google.ru,iO8*w?OiM#.p
881,Appolonia Coltart,acoltartog,acoltartog@squarespace.com,"lV1,F1JC9"
882,Darby Masters,dmastersoh,dmastersoh@theguardian.com,sV0!?a~(}`oZhT*
883,Marti Rowlinson,mrowlinsonoi,mrowlinsonoi@unblog.fr,qJ7=SG6Vw)?
884,Tera Cucuzza,tcucuzzaoj,tcucuzzaoj@imageshack.us,nT5)vZ#/8R%jLU
885,Tris Plampeyn,tplampeynok,tplampeynok@facebook.com,xZ0*MWMD
886,Angy Emons,aemonsol,aemonsol@webmd.com,zK1%ZIlts
887,Windham Walcher,wwalcherom,wwalcherom@drupal.org,hL0|~ndN|{eg
888,Lenci Tevlin,ltevlinon,ltevlinon@i2i.jp,"wB7!tU?""aDz\S\+"
889,Anestassia Macer,amaceroo,amaceroo@hostgator.com,eO9~GvtOt)(B
890,Claudette Fitzackerley,cfitzackerleyop,cfitzackerleyop@blogger.com,"iX1#XHI`y6""j5nVc"
891,Meris Asquith,masquithoq,masquithoq@yandex.ru,"kX2,x7Ba"
892,Parke Blethin,pblethinor,pblethinor@e-recht24.de,zK7`|n*2Hq/xo
893,Sande Hiom,shiomos,shiomos@merriam-webster.com,xT1%OWY>58b=X+
894,Amelina Trump,atrumpot,atrumpot@hc360.com,rE0@JjqcM
895,Ryun Harnott,rharnottou,rharnottou@fotki.com,"qB8>isW%Cl,"
896,Abbey Bellow,abellowov,abellowov@nih.gov,dO7.3+='C/(3H
897,Marshal Belham,mbelhamow,mbelhamow@dyndns.org,wD8*c.GmI'|_*
898,Zondra Bucktrout,zbucktroutox,zbucktroutox@smugmug.com,"yV1=JF/<S""W*my"
899,Iggie Aleshkov,ialeshkovoy,ialeshkovoy@abc.net.au,"hL0'n,,j"
900,Laurette Bergeau,lbergeauoz,lbergeauoz@washingtonpost.com,"nF9>mnKc,PN@l{/"
901,Teresita Balnave,tbalnavep0,tbalnavep0@weibo.com,"mF2+,}k'74'J"
902,Filmore Jeaneau,fjeaneaup1,fjeaneaup1@networksolutions.com,"uM8,o+$H1?"
903,Garwin Knowler,gknowlerp2,gknowlerp2@sakura.ne.jp,rR1#UZD>W)'
904,Conrade Hinckesman,chinckesmanp3,chinckesmanp3@nytimes.com,sI4?n{'N%h>o`MX7
905,Cassie O'Rodane,corodanep4,corodanep4@pinterest.com,lM6%%3'3'h_Y
906,Davey Yeskin,dyeskinp5,dyeskinp5@nationalgeographic.com,dI2&UklmR
907,Terence Dumingos,tdumingosp6,tdumingosp6@ezinearticles.com,wN6$`@Pw`S
908,Zacharias Broader,zbroaderp7,zbroaderp7@github.io,mQ9+V%SUn
909,Jarrod Scambler,jscamblerp8,jscamblerp8@cnet.com,"eS0""SY`""vgq{x9"
910,Earlie Rigmand,erigmandp9,erigmandp9@whitehouse.gov,uC3<q25G=km
911,Martita Hindge,mhindgepa,mhindgepa@bigcartel.com,cG2$IL@A4=PMbe
912,Cherish Ielden,cieldenpb,cieldenpb@guardian.co.uk,pQ8\~ZZXX
913,Marlon MacHoste,mmachostepc,mmachostepc@ehow.com,qQ8={T\{vvv
914,Borg Soles,bsolespd,bsolespd@japanpost.jp,nB7_J{ekTT2
915,Luise McLevie,lmcleviepe,lmcleviepe@hhs.gov,uA9}cb!xQlB
916,Herold Presidey,hpresideypf,hpresideypf@xinhuanet.com,yS1>$X22IQG7e~W!
917,Maritsa Abeles,mabelespg,mabelespg@yahoo.co.jp,hJ2#{ClyAzJE/{H)
918,Early Bayns,ebaynsph,ebaynsph@shop-pro.jp,iH3}|1q0
919,Michell Lally,mlallypi,mlallypi@bandcamp.com,sC8%7|g2NVEISzq7
920,Hamish Korneluk,hkornelukpj,hkornelukpj@guardian.co.uk,"pI9""sh!Y"
921,Arvie Pidgley,apidgleypk,apidgleypk@fc2.com,tB1$Op?wwO>hWF&~
922,Pearle Penrith,ppenrithpl,ppenrithpl@usda.gov,qG6>?&+=w`
923,Joelle Mingardo,jmingardopm,jmingardopm@dyndns.org,pM6=D<JWdpaRP906
924,Ozzy Quinney,oquinneypn,oquinneypn@zimbio.com,"tY4%xQ,Y""S`,&"
925,Sigfried Donnellan,sdonnellanpo,sdonnellanpo@bluehost.com,fQ4%JUK_eG34_IE
926,Ruthann Rampton,rramptonpp,rramptonpp@plala.or.jp,oR4~p(UKS'BTI
927,Faun Ondracek,fondracekpq,fondracekpq@macromedia.com,nU6?94$(H<oJmVjB
928,Nathanil Po,npopr,npopr@guardian.co.uk,eT7?@DE$?K`fc@
929,Thibaut Saggs,tsaggsps,tsaggsps@utexas.edu,xN3*OkIRL
930,Abraham Collecott,acollecottpt,acollecottpt@amazonaws.com,aZ0/EyX6
931,Adolf Bakhrushin,abakhrushinpu,abakhrushinpu@webmd.com,mQ9?V=+}CYm}5H&%
932,Granger Ratley,gratleypv,gratleypv@chron.com,tH8!/Zh@YP6!
933,Jeane Lavender,jlavenderpw,jlavenderpw@ow.ly,"tF0,cebP"
934,Brennen Gawn,bgawnpx,bgawnpx@opensource.org,"zL3/@""eD?\Ph"
935,Cicely Sisselot,csisselotpy,csisselotpy@blogtalkradio.com,fG3=87bGe
936,Farrah Jeffree,fjeffreepz,fjeffreepz@aboutads.info,"wT5,4l""OVxz%D"
937,Clemence Chateau,cchateauq0,cchateauq0@princeton.edu,sH7&5=o$YLL9ixf
938,Torey Asser,tasserq1,tasserq1@google.fr,"oE9,>asbV{Avu|!"
939,Adina Claughton,aclaughtonq2,aclaughtonq2@mayoclinic.com,vL7{A\vk
940,Willamina Sacco,wsaccoq3,wsaccoq3@amazon.com,uF9%ln>/C|t`$
941,Nevin Bigby,nbigbyq4,nbigbyq4@soup.io,zW8.Bwwd
942,Stan Durnall,sdurnallq5,sdurnallq5@sun.com,"gU3.dn.VZI*Di6b,"
943,Josiah Youell,jyouellq6,jyouellq6@bravesites.com,mB7*Rm&?q6&+2vX
944,Shantee Clitsome,sclitsomeq7,sclitsomeq7@sitemeter.com,rU6(WN>i6q
945,Gabbey Benedict,gbenedictq8,gbenedictq8@newyorker.com,jM0*b`%@
946,Fin O'Fogerty,fofogertyq9,fofogertyq9@home.pl,"mZ2,C,B""n>ug+b"
947,Atalanta Snowden,asnowdenqa,asnowdenqa@engadget.com,cI3<iE(FNcYyR6
948,Illa Libbis,ilibbisqb,ilibbisqb@exblog.jp,yU2@=l+7
949,Christos Spurriar,cspurriarqc,cspurriarqc@cnbc.com,vL9+Eqk\cSk%?
950,Donaugh Locarno,dlocarnoqd,dlocarnoqd@ebay.co.uk,"oJ2}$>=C/U3!,R!"
951,Florencia Van der Kruys,fvanqe,fvanqe@wikispaces.com,"hL7\Y'hMneg,,7\Y"
952,Wolfy Creamer,wcreamerqf,wcreamerqf@unc.edu,dI1(H8G90rEKuP
953,Wallie Suttle,wsuttleqg,wsuttleqg@samsung.com,"zX9+1""JjepT*g0r<"
954,Beverie Benner,bbennerqh,bbennerqh@themeforest.net,pH5#XFo><%~T
955,Bailie Crack,bcrackqi,bcrackqi@hostgator.com,"vK5'R6zOVp""h`vC"
956,Moyna MacKilroe,mmackilroeqj,mmackilroeqj@ovh.net,yY2`Tru`='RQ5%@
957,Marlee Pointer,mpointerqk,mpointerqk@google.com.hk,xE0'gJhz=
958,Judah Itzkovitch,jitzkovitchql,jitzkovitchql@slideshare.net,dQ3=z.(&_
959,Flor Hawkins,fhawkinsqm,fhawkinsqm@infoseek.co.jp,yZ9|#ZM6Q)V
960,Tony Strathe,tstratheqn,tstratheqn@sbwire.com,kJ7$5NVjQ|(p#K%~
961,Ettore Cannop,ecannopqo,ecannopqo@cbc.ca,yO3'\2FUooNHyJ
962,Loree Ecclestone,lecclestoneqp,lecclestoneqp@prnewswire.com,xJ0=tAt7
963,Care Drewett,cdrewettqq,cdrewettqq@harvard.edu,iO3`qH8B1
964,Didi Doding,ddodingqr,ddodingqr@imdb.com,jK4%xCFqv
965,Rockwell Heliet,rhelietqs,rhelietqs@fastcompany.com,oU3{70z=P+uosW
966,Dulce Broadway,dbroadwayqt,dbroadwayqt@guardian.co.uk,vQ0`%bq}B
967,Chiarra Amies,camiesqu,camiesqu@last.fm,yK7(SovMC$
968,Ardelia Rival,arivalqv,arivalqv@booking.com,dF4~MVGw7.
969,Nathaniel Goss,ngossqw,ngossqw@dropbox.com,nI6.urGddi(.ifB
970,Giovanna Fitzhenry,gfitzhenryqx,gfitzhenryqx@sakura.ne.jp,oU7`#DI?RdG{\4Sa
971,Cinnamon Witton,cwittonqy,cwittonqy@booking.com,oV9=P9voA
972,Onfroi De Zamudio,odeqz,odeqz@businesswire.com,"xP8""V(BxI3m@)s>"
973,Arabella Spellsworth,aspellsworthr0,aspellsworthr0@gizmodo.com,dR4.m0@mqUGm
974,Nisse Burtenshaw,nburtenshawr1,nburtenshawr1@pen.io,zW2&0R}@{Z
975,Stephani Castella,scastellar2,scastellar2@google.ru,aX2@9.&M
976,Allard Nottram,anottramr3,anottramr3@google.ca,gQ0.3>U<eGL51a&
977,Georgi Ralling,grallingr4,grallingr4@census.gov,"wF1,mlclJ.Qx!"
978,Marline Hintze,mhintzer5,mhintzer5@google.es,"dV3%F1Le<Z!e""gB"
979,Darrin Melarkey,dmelarkeyr6,dmelarkeyr6@smugmug.com,xM2>#51G1
980,Janette Planks,jplanksr7,jplanksr7@businesswire.com,yH5}Xp)UOplw&kUZ
981,Leupold Crosseland,lcrosselandr8,lcrosselandr8@un.org,"hI9.gI61<g,I?gh"
982,Norbie Challice,nchallicer9,nchallicer9@meetup.com,xN1\=*&S`{
983,Wheeler Myatt,wmyattra,wmyattra@paginegialle.it,gM1.ZGs>=\}$G
984,Keir Browning,kbrowningrb,kbrowningrb@hatena.ne.jp,nL8#_?9=oGrU
985,Bald MacNab,bmacnabrc,bmacnabrc@myspace.com,eO0)3h/L{v3d>
986,Janie Jedrzejczyk,jjedrzejczykrd,jjedrzejczykrd@rediff.com,nU3+w8y5|uy\I5
987,Angelico Hepher,ahepherre,ahepherre@howstuffworks.com,"pO9'*k""M"
988,Julia Spadeck,jspadeckrf,jspadeckrf@umn.edu,"xE0}})NrryVy,*j"
989,Tristan Mulqueen,tmulqueenrg,tmulqueenrg@mtv.com,"zN1~p8@H!,A"
990,Keenan Butterwick,kbutterwickrh,kbutterwickrh@illinois.edu,jL7!)h`PU+
991,Daveta Gabrieli,dgabrieliri,dgabrieliri@mozilla.org,"zR9,O5@2"
992,Ennis Hockell,ehockellrj,ehockellrj@friendfeed.com,dP6>yv<\C
993,Brittney Macallam,bmacallamrk,bmacallamrk@sina.com.cn,"rJ1*aV""=meEF7GQe"
994,Ivan Adam,iadamrl,iadamrl@census.gov,bG9|.h{{
995,Kevina Tolliday,ktollidayrm,ktollidayrm@etsy.com,"yK5!""CwvGww"
996,Kakalina Radloff,kradloffrn,kradloffrn@nyu.edu,eM1/P6tqHT5hZ.V?
997,Emyle Warland,ewarlandro,ewarlandro@tamu.edu,pG1+hg%HJKnU*}
998,Hedda Baszniak,hbaszniakrp,hbaszniakrp@nba.com,"fY6<UqE4&a,+"
999,Caresa Crother,ccrotherrq,ccrotherrq@wufoo.com,xV1`hCBBXGXgVc
1000,Helen-elizabeth Ellerby,hellerbyrr,hellerbyrr@w3.org,kP0(zN9U0?c(
